SDSS_name,L_pred,env_label
SDSS J141459.59+303633.0,0.98,F
SDSS J151530.74+252720.4,0.99,Sh
SDSS J094549.95+282822.8,0.97,Sh
SDSS J134248.21+301226.4,0.97,F
SDSS J120704.18+332258.1,0.95,F
SDSS J125059.52+474017.5,0.96,F
SDSS J142859.59+231129.4,0.99,F
SDSS J020652.79-003105.1,0.99,
SDSS J081117.06+165621.9,0.91,
SDSS J122024.53+274907.6,0.9,Sh
SDSS J134245.98+201350.0,0.95,Sh
SDSS J114331.09+230041.1,0.99,C
SDSS J145333.57+180551.7,0.98,C
SDSS J153840.41+410018.7,0.91,V
SDSS J164010.70+260608.5,0.99,
SDSS J143814.55+113345.0,0.99,F
SDSS J164014.64+230118.3,0.96,
SDSS J012015.34-002009.0,0.98,
SDSS J003828.12+000720.8,0.96,
SDSS J154711.32+002424.8,0.89,
SDSS J123304.40+160703.1,0.99,Sh
SDSS J075923.59+162516.7,0.99,
SDSS J153835.32+261318.2,0.86,F
SDSS J151324.08+265356.2,0.98,Sh
SDSS J122019.41+324849.0,0.93,C
SDSS J133414.93+312530.0,0.92,F
SDSS J101510.90+285053.7,0.89,Sh
SDSS J155735.21+180141.4,0.97,
SDSS J145952.15+205711.0,0.87,F
SDSS J004146.11+011037.4,0.95,
SDSS J080249.63+154829.7,0.98,
SDSS J085113.98+214257.0,0.98,F
SDSS J123813.27+285613.2,0.88,F
SDSS J031653.94-081024.3,0.91,
SDSS J104312.48+213925.3,0.91,F
SDSS J023637.79+010623.6,0.95,
SDSS J081348.74+413858.1,0.98,
SDSS J165422.06+300937.4,0.92,
SDSS J163227.72+271642.3,0.91,
SDSS J130420.69+450323.9,0.99,F
SDSS J131344.98+065122.1,0.91,F
SDSS J110145.17+382747.6,0.86,F
SDSS J134116.97+134631.6,0.9,Sh
SDSS J151144.00+121402.2,0.89,F
SDSS J155852.06+260808.1,0.98,
SDSS J013301.98-004123.4,0.95,
SDSS J004037.85-001950.4,0.98,
SDSS J100708.05+345920.1,0.97,F
SDSS J092455.64+555348.1,0.97,V
SDSS J090958.60+270011.1,0.91,F
SDSS J121405.59+343134.4,0.96,F
SDSS J135609.00+294016.3,0.97,Sh
SDSS J162122.07+404837.9,0.95,
SDSS J094754.95+272236.9,0.95,F
SDSS J155659.12+183838.0,0.95,
SDSS J082414.30+171955.0,0.95,V
SDSS J125103.58+272211.8,0.91,F
SDSS J082411.59+120656.6,0.98,Sh
SDSS J131350.78+231518.0,0.94,V
SDSS J143032.55+140127.8,0.99,Sh
SDSS J100241.15+143710.8,0.98,C
SDSS J115230.56+453937.1,0.95,V
SDSS J132830.41+130628.1,0.88,C
SDSS J140633.84+483836.0,0.94,F
SDSS J225422.30-101025.8,0.98,
SDSS J122413.92+075710.8,0.99,C
SDSS J111133.54+382320.9,0.96,F
SDSS J223231.77-100735.7,0.97,
SDSS J144753.23+345845.3,0.97,F
SDSS J154650.24+390009.7,0.99,
SDSS J163612.93+203916.2,0.98,
SDSS J074112.94+474017.5,0.98,
SDSS J101823.53+131642.1,0.98,Sh
SDSS J125545.60+361736.3,0.99,Sh
SDSS J145657.57+312922.3,0.98,Sh
SDSS J123208.16+345310.4,0.96,Sh
SDSS J142409.23+274240.3,0.99,Sh
SDSS J145436.71+221032.6,0.98,F
SDSS J133543.77+272433.8,0.85,F
SDSS J120701.16+254313.7,0.99,F
SDSS J093952.14+165504.5,0.96,F
SDSS J033934.89-060219.9,0.98,
SDSS J135855.46+153808.7,0.99,F
SDSS J113648.95-021447.4,0.96,
SDSS J102143.80+145439.2,0.98,C
SDSS J033833.01-052802.0,0.97,
SDSS J135147.20+505841.9,0.88,V
SDSS J141936.98+381403.3,0.93,Sh
SDSS J155057.82+340606.9,0.95,
SDSS J163047.11+202119.7,0.93,
SDSS J081926.38+540318.3,0.98,
SDSS J073945.27+484431.1,0.99,
SDSS J035430.43-050559.9,0.93,
SDSS J115847.09+154258.6,0.87,Sh
SDSS J124342.32+405758.3,0.88,Sh
SDSS J123046.20+365843.3,0.97,Sh
SDSS J100403.74+310234.8,0.95,Sh
SDSS J112532.20+352146.2,0.98,Sh
SDSS J112529.24+321441.9,0.99,F
SDSS J154957.34+204818.7,0.9,
SDSS J151100.89+233633.3,0.98,V
SDSS J132631.39+265053.9,0.98,F
SDSS J154732.29+214226.8,0.97,
SDSS J160622.82+194640.6,0.99,
SDSS J101917.59+044547.0,0.97,F
SDSS J105533.73+270453.5,0.95,F
SDSS J115845.66+272708.7,0.97,F
SDSS J130033.66+273815.8,0.95,C
SDSS J112609.88+264538.7,0.98,C
SDSS J124156.26+265817.0,0.97,F
SDSS J112911.09+221741.3,0.94,V
SDSS J131305.86+224008.4,0.98,Sh
SDSS J142038.02+202641.6,0.96,F
SDSS J112533.36+224908.4,0.85,F
SDSS J160513.08+302759.7,0.99,
SDSS J141934.02+402010.3,0.97,F
SDSS J135943.14+402312.0,0.95,V
SDSS J143758.81+382130.8,0.9,Sh
SDSS J094227.20+032049.6,0.98,F
SDSS J135109.16+082852.9,0.97,F
SDSS J152033.65+075712.1,0.96,F
SDSS J125203.52+514048.1,0.99,Sh
SDSS J141231.71+131817.0,0.99,Sh
SDSS J224645.65+003828.0,0.95,
SDSS J080203.39+550056.6,0.85,
SDSS J084510.23+255741.7,0.99,Sh
SDSS J084306.64+264821.1,0.9,V
SDSS J104306.55+351917.9,0.96,Sh
SDSS J153402.18+272026.7,0.98,C
SDSS J113112.50+341210.9,0.99,Sh
SDSS J154543.12+225243.1,0.99,
SDSS J160512.87+203232.6,0.98,
SDSS J154833.82+225820.3,0.99,
SDSS J130755.34+345510.0,0.99,Sh
SDSS J143900.01+304850.4,0.93,Sh
SDSS J171224.85+352643.8,0.93,
SDSS J104300.39+290604.4,0.99,F
SDSS J160116.33+174040.1,0.98,
SDSS J131047.64+294235.6,0.98,F
SDSS J135939.34+280340.3,0.99,F
SDSS J145005.23+213227.6,0.93,F
SDSS J022938.60+002313.5,0.98,
SDSS J100302.19+393939.1,0.97,F
SDSS J095603.97+102955.8,0.94,F
SDSS J114152.18+023455.1,0.99,Sh
SDSS J093738.57+351342.3,0.99,F
SDSS J170109.89+204023.9,0.98,
SDSS J124317.30+111241.5,0.98,V
SDSS J171307.74+293006.5,0.96,
SDSS J101855.63+403646.5,0.99,F
SDSS J150013.69+095615.9,0.94,V
SDSS J104828.12+381738.5,0.99,F
SDSS J141930.19+072721.1,0.93,F
SDSS J165546.32+265648.1,0.85,
SDSS J155956.03+335931.9,0.97,
SDSS J151334.17+415731.4,0.99,F
SDSS J150017.88+112036.0,0.86,V
SDSS J082501.10+552922.7,0.97,V
SDSS J083258.28+614814.5,0.97,
SDSS J101434.72+115158.4,0.94,F
SDSS J134928.94+135237.5,0.98,Sh
SDSS J101846.09+345001.6,0.99,C
SDSS J130016.13+361514.8,0.98,F
SDSS J111415.25+340915.7,0.96,Sh
SDSS J111529.32+351056.0,0.87,F
SDSS J150103.84+233626.6,0.93,C
SDSS J161122.50+174101.4,0.98,
SDSS J154920.30+161721.0,0.98,
SDSS J012106.66-003153.2,0.99,
SDSS J093737.65+231426.6,0.98,F
SDSS J125628.57+271728.5,0.93,C
SDSS J102751.77+160907.6,0.98,Sh
SDSS J120320.48+163036.2,0.99,F
SDSS J115136.27+000001.9,0.98,Sh
SDSS J024157.07+011409.0,0.88,
SDSS J122014.32+172048.1,0.97,F
SDSS J123305.31+172411.2,0.99,Sh
SDSS J164002.32+434137.4,0.98,
SDSS J092308.12+022909.9,0.98,F
SDSS J004151.69+325928.3,0.97,
SDSS J114331.43+224331.5,0.92,C
SDSS J134652.27+174154.5,0.99,F
SDSS J143548.99+160109.3,0.96,C
SDSS J122808.66+201046.2,0.97,Sh
SDSS J134652.67+161622.2,0.95,Sh
SDSS J094710.65+141717.6,0.99,F
SDSS J135153.85-020616.5,0.92,
SDSS J142724.45+030420.1,0.92,Sh
SDSS J112606.64+162334.0,0.85,V
SDSS J082812.32+083850.3,0.96,Sh
SDSS J124839.66+050632.2,0.91,V
SDSS J092221.50+040340.5,0.96,Sh
SDSS J120908.81+440011.5,0.97,F
SDSS J135601.44+423306.5,0.9,V
SDSS J112332.99+450247.7,0.94,F
SDSS J162501.80+230403.3,0.97,
SDSS J131508.38+092055.4,0.91,F
SDSS J101918.10+454848.9,0.96,F
SDSS J143508.76+052132.6,0.97,C
SDSS J141802.23+064830.3,0.97,F
SDSS J142237.19+473633.4,0.96,Sh
SDSS J132601.91+511807.2,0.98,F
SDSS J150127.98+313815.0,0.97,Sh
SDSS J074005.25+435402.3,0.97,
SDSS J002455.44+003148.6,0.99,
SDSS J003934.83+005135.8,0.98,
SDSS J010116.81-010551.9,0.98,
SDSS J110542.28+350704.4,0.97,F
SDSS J133944.17+331444.6,0.89,F
SDSS J122118.22+324239.8,0.98,F
SDSS J132800.49+301252.9,0.94,F
SDSS J114745.75+321904.2,0.98,C
SDSS J155945.80+184803.9,0.97,
SDSS J160613.76+175714.9,0.99,
SDSS J133944.15+274635.2,0.97,F
SDSS J141923.81+243204.1,0.9,Sh
SDSS J161017.70+153716.0,0.93,
SDSS J075522.50+150537.8,0.98,
SDSS J110712.82+284654.5,0.99,C
SDSS J121410.15+301726.4,0.97,V
SDSS J101939.52+211717.2,0.91,V
SDSS J115020.70+220046.6,0.98,F
SDSS J081810.60+574531.5,0.98,
SDSS J155754.37+415613.7,0.99,
SDSS J133300.04+372929.5,0.85,F
SDSS J110052.51+380615.9,0.99,C
SDSS J095331.02+342425.2,0.97,F
SDSS J155758.04+414733.3,0.99,
SDSS J142824.87+322340.6,0.94,Sh
SDSS J133903.17+320923.4,0.95,F
SDSS J153537.05+213014.1,0.94,C
SDSS J145012.03+241936.8,0.99,C
SDSS J150238.19+232101.5,0.96,C
SDSS J031116.60+011124.3,0.99,
SDSS J092304.39+240007.0,0.99,Sh
SDSS J075329.19+143641.8,0.98,
SDSS J082616.53+172144.7,0.97,F
SDSS J115458.53+261209.0,0.85,Sh
SDSS J110951.49+241542.3,0.98,F
SDSS J110056.26+204108.9,0.88,Sh
SDSS J142834.46+172004.4,0.97,C
SDSS J152508.71+125257.5,0.96,Sh
SDSS J115451.29+025733.2,0.98,F
SDSS J073338.06+314621.7,0.94,
SDSS J015551.98+145625.0,0.99,
SDSS J111227.63+281641.3,0.88,C
SDSS J093956.99+245719.5,0.98,V
SDSS J104101.92+283812.6,0.97,F
SDSS J113121.33+261744.7,0.87,C
SDSS J131049.00+261627.5,0.96,F
SDSS J112853.81+272234.1,0.86,V
SDSS J110820.03+232958.0,0.99,F
SDSS J111055.45+240000.1,0.98,F
SDSS J124518.95+213208.7,0.99,Sh
SDSS J080551.07+062423.8,0.97,
SDSS J114514.94+213839.8,0.93,C
SDSS J144012.45+185635.8,0.96,V
SDSS J131904.81+233733.8,0.94,F
SDSS J113654.22+195950.0,0.97,C
SDSS J113654.34+195818.1,0.99,F
SDSS J113654.01+195810.0,0.99,F
SDSS J114009.39+151938.3,0.95,Sh
SDSS J135940.86+180559.1,0.98,V
SDSS J143901.93+155923.1,0.99,F
SDSS J152032.45+115924.7,0.99,F
SDSS J153407.82+142344.2,0.89,V
SDSS J084515.76+093843.5,0.98,V
SDSS J074240.78+405546.0,0.98,
SDSS J135110.53+042142.4,0.98,F
SDSS J104827.29+263501.6,0.88,C
SDSS J095604.99+195120.1,0.97,Sh
SDSS J112836.10+232416.7,0.89,F
SDSS J095900.21+174901.6,0.96,Sh
SDSS J134926.93+210811.6,0.9,C
SDSS J111527.13+232004.3,0.93,F
SDSS J120649.46+250011.3,0.98,F
SDSS J144639.15+210338.4,0.95,Sh
SDSS J145938.26+131253.7,0.98,Sh
SDSS J103456.78+152837.1,0.95,V
SDSS J080341.69+073321.0,0.97,
SDSS J105831.74+103417.7,0.88,Sh
SDSS J225258.56+010833.8,0.9,
SDSS J011437.36+011053.4,0.96,
SDSS J012109.32+154140.9,0.99,
SDSS J022402.64-044136.2,0.98,
SDSS J092158.28+165723.8,0.98,C
SDSS J130615.12+252737.9,0.98,F
SDSS J112135.68+182730.8,0.99,Sh
SDSS J150019.18+122736.5,0.98,V
SDSS J153339.20+145031.5,0.89,F
SDSS J112138.37+160153.4,0.97,V
SDSS J101236.82+615635.4,0.97,
SDSS J142340.82+535456.6,0.96,Sh
SDSS J074016.26+321530.0,0.98,
SDSS J093826.23+051222.8,0.93,Sh
SDSS J141709.38+631824.9,0.91,
SDSS J141302.55+000846.9,0.97,F
SDSS J085434.61+534721.4,0.99,C
SDSS J133647.93+010914.0,0.99,F
SDSS J034511.70-063425.9,0.99,
SDSS J131810.07-011437.2,0.98,
SDSS J013924.88-092404.2,0.92,
SDSS J104402.20+043946.8,0.89,F
SDSS J143907.14+003031.0,0.98,F
SDSS J081030.06+390819.4,0.98,
SDSS J090655.82+494623.4,0.97,C
SDSS J133642.56+620337.2,0.98,
SDSS J153705.01-014958.8,0.95,
SDSS J153854.88+043459.1,0.97,V
SDSS J151949.18+054748.3,0.97,F
SDSS J082007.81+372839.6,0.93,F
SDSS J082840.35+385720.6,0.98,C
SDSS J113524.80+573859.8,0.94,Sh
SDSS J095441.38+462216.8,0.94,F
SDSS J101819.70+070257.7,0.99,V
SDSS J120003.71+093900.4,0.87,Sh
SDSS J113854.06+550327.8,0.96,C
SDSS J164434.40+323429.4,0.97,
SDSS J082856.24+274448.5,0.97,V
SDSS J140517.49+460844.3,0.94,F
SDSS J133602.58+661809.1,0.89,
SDSS J142553.88+025226.8,0.96,F
SDSS J140955.62+012836.4,0.95,Sh
SDSS J140953.80+043435.4,0.99,V
SDSS J215311.30-073533.5,0.89,
SDSS J230046.20+133707.9,0.99,
SDSS J231736.39+140004.3,0.99,
SDSS J085900.33+523413.1,0.96,F
SDSS J145755.38+034614.9,0.94,F
SDSS J163441.61+462331.5,0.98,
SDSS J162241.48+495357.0,0.87,
SDSS J161101.21+494743.3,0.98,
SDSS J152938.02+023338.6,0.85,Sh
SDSS J212657.85-070117.5,0.98,
SDSS J133604.64-013530.6,0.97,
SDSS J143101.07+055842.3,0.93,F
SDSS J213256.25+112258.0,0.97,
SDSS J012455.21+001241.7,0.98,
SDSS J230913.74-005634.1,0.98,
SDSS J090758.30+414232.1,0.99,F
SDSS J003601.99-095318.6,0.99,
SDSS J124809.33+540124.0,0.95,V
SDSS J103053.67+511959.5,0.98,F
SDSS J145756.34+534705.8,0.98,Sh
SDSS J135533.58+590321.6,0.99,F
SDSS J022442.16-075648.8,0.98,
SDSS J145512.02+502955.3,0.98,F
SDSS J145945.59+512755.4,0.96,Sh
SDSS J093626.30-003416.9,0.89,
SDSS J113158.62-000301.1,0.87,
SDSS J130243.53+003949.8,0.96,Sh
SDSS J122254.39-024008.8,0.98,
SDSS J121440.25-022654.1,0.98,
SDSS J094659.94+023341.0,0.97,F
SDSS J141523.71+042430.6,0.94,Sh
SDSS J212457.99+105141.1,0.98,
SDSS J004332.39+142033.2,0.99,
SDSS J164424.31+434350.6,0.98,
SDSS J112126.73+024448.1,0.96,C
SDSS J145042.98-014253.6,0.97,
SDSS J145041.62-014636.2,0.98,
SDSS J004327.84-000729.7,0.94,
SDSS J082336.80+390629.1,0.91,F
SDSS J075625.12+292809.0,0.94,
SDSS J092413.84+403814.8,0.96,C
SDSS J092409.56+395452.6,0.96,C
SDSS J093535.73+545537.3,0.95,F
SDSS J162527.78+393307.3,0.9,
SDSS J031907.71+005721.4,0.96,
SDSS J031907.16+410833.4,0.94,
SDSS J130237.71+502618.2,0.98,F
SDSS J103106.95+040659.7,0.91,F
SDSS J163054.18+463524.7,0.91,
SDSS J105039.85+654337.9,0.94,
SDSS J140320.74-003259.8,0.98,
SDSS J134657.18+020652.1,0.97,Sh
SDSS J134651.93+034451.9,0.97,C
SDSS J162200.73+493114.8,0.99,
SDSS J234713.36-002848.6,0.98,
SDSS J082553.91+391109.6,0.95,Sh
SDSS J085934.57+455536.1,0.99,Sh
SDSS J082554.21+403725.8,0.98,F
SDSS J090716.05+371255.3,0.86,C
SDSS J105034.07+484136.4,0.99,F
SDSS J114429.06+553908.0,0.93,Sh
SDSS J150610.16+532438.8,0.93,Sh
SDSS J165216.82+272156.9,0.97,
SDSS J103326.66+115001.7,0.98,F
SDSS J104031.24+121739.8,0.96,F
SDSS J110929.22+145338.9,0.93,F
SDSS J135152.41+032718.1,0.96,V
SDSS J130311.45+484707.1,0.93,Sh
SDSS J091954.54+325559.9,0.97,F
SDSS J165212.99+231827.6,0.88,
SDSS J100358.61+390843.6,0.99,Sh
SDSS J161353.34+481748.0,0.97,
SDSS J160716.30+000132.0,0.9,
SDSS J122404.88+011123.2,0.96,F
SDSS J113132.08-021833.1,0.91,
SDSS J110438.93+624456.4,0.96,
SDSS J112601.00+015902.8,0.97,F
SDSS J111533.29+050655.5,1.0,F
SDSS J164705.63+434857.5,0.98,
SDSS J103843.15+563314.6,0.96,V
SDSS J131834.58+042910.7,0.92,F
SDSS J154221.88+022802.8,0.95,
SDSS J151625.03+004228.9,0.96,F
SDSS J151623.04+055153.3,0.95,C
SDSS J233032.66-000813.8,0.92,
SDSS J093854.35+482041.3,0.98,F
SDSS J161515.12+010800.9,0.98,
SDSS J075009.23+304356.5,0.95,
SDSS J094337.14+501634.9,0.98,Sh
SDSS J130027.29+495849.9,0.94,F
SDSS J110436.86+062342.1,0.98,Sh
SDSS J133722.96+530630.8,0.98,Sh
SDSS J143538.50+554618.7,0.89,C
SDSS J160717.61+412413.0,0.96,
SDSS J102132.19+092224.0,0.99,V
SDSS J102745.47+095642.2,0.91,F
SDSS J093853.46+094500.6,0.97,F
SDSS J101024.60+395525.4,0.86,C
SDSS J102133.60+115744.0,0.99,V
SDSS J094829.04+344902.5,0.97,C
SDSS J135815.32+454901.4,0.98,Sh
SDSS J112656.00-011915.7,0.98,
SDSS J130917.34+025908.9,0.95,F
SDSS J000701.59+140623.6,0.87,
SDSS J014331.73+133049.5,0.99,
SDSS J130150.28+042000.2,0.95,F
SDSS J151118.19+610725.1,0.93,
SDSS J114405.08+601245.7,0.97,
SDSS J161659.35+475216.2,0.99,
SDSS J170443.10+343330.6,0.96,
SDSS J141605.26-011537.3,0.94,
SDSS J102953.88+482119.5,0.99,F
SDSS J092752.71+483124.0,0.89,F
SDSS J122105.48+610514.2,0.98,
SDSS J095720.98+071119.4,0.96,V
SDSS J110156.42+101726.6,0.98,C
SDSS J140420.14+505504.1,0.95,V
SDSS J164817.37+355028.0,0.92,
SDSS J025503.19-011122.0,0.97,
SDSS J092752.35+071505.3,0.96,F
SDSS J234123.81-095353.1,0.99,
SDSS J155624.49+422343.7,0.94,
SDSS J165256.51+225736.6,0.97,
SDSS J163150.97+274755.9,0.97,
SDSS J113621.22+444001.8,0.98,F
SDSS J130948.57+113904.7,0.98,F
SDSS J103945.32+113849.6,0.95,Sh
SDSS J135807.05-002332.9,0.96,
SDSS J095405.93+003901.9,0.98,Sh
SDSS J125156.03-020439.2,0.98,
SDSS J130054.49-012047.9,0.94,
SDSS J084747.87+511401.9,0.93,Sh
SDSS J085453.56+534125.6,0.98,F
SDSS J204515.04-053721.8,0.98,
SDSS J204539.74-053523.9,0.91,
SDSS J232824.02-094223.9,0.9,
SDSS J221410.26+131643.8,0.93,
SDSS J004509.07-093754.1,0.98,
SDSS J093744.14+024538.9,0.88,F
SDSS J112227.41+041712.4,0.99,F
SDSS J080846.82+280444.3,0.99,
SDSS J142434.53+050343.8,0.93,C
SDSS J164923.30+431550.2,0.98,
SDSS J103231.86+564248.9,0.98,F
SDSS J144719.66-005726.9,0.98,
SDSS J230240.24-005159.4,0.94,
SDSS J000012.78+010712.7,0.99,
SDSS J111221.91+540138.2,0.91,Sh
SDSS J074018.11+282751.5,0.88,
SDSS J103929.71+054743.4,0.98,F
SDSS J132513.27+535112.5,0.98,Sh
SDSS J112906.24+474100.4,0.97,C
SDSS J155632.98+415353.2,0.99,
SDSS J101526.19+403247.9,0.98,F
SDSS J111608.25+110255.1,0.85,Sh
SDSS J150849.64+001041.0,0.98,F
SDSS J011907.98+143555.6,0.97,
SDSS J122349.33+012230.4,0.87,V
SDSS J214905.29-071615.1,0.99,
SDSS J123022.07+504222.4,0.93,F
SDSS J103153.55+622404.0,0.92,
SDSS J110602.35+042545.7,0.86,F
SDSS J163017.76+403554.9,0.89,
SDSS J163103.87+410921.7,0.93,
SDSS J150934.55+045229.1,0.99,C
SDSS J114329.35+102042.4,0.94,F
SDSS J233333.24+153308.2,0.96,
SDSS J090139.32+421209.7,0.92,Sh
SDSS J083510.37+371557.4,0.99,Sh
SDSS J113931.15+074547.3,0.98,F
SDSS J120229.19+105352.2,0.91,C
SDSS J154633.48+415503.3,0.99,
SDSS J114815.10+553659.3,0.98,C
SDSS J141543.97+540235.2,0.97,C
SDSS J121505.36+133541.0,0.98,F
SDSS J130903.27+065752.6,0.95,C
SDSS J114610.37+073102.4,0.92,F
SDSS J121502.94+413333.7,0.97,F
SDSS J162434.17+211141.7,0.99,
SDSS J153713.26+431753.9,0.99,C
SDSS J033758.86-061614.2,0.99,
SDSS J092243.13+573103.8,0.96,F
SDSS J083041.28+521802.3,0.99,F
SDSS J144201.80+631950.5,0.98,
SDSS J150120.75+014543.6,0.97,F
SDSS J105525.13+031647.6,0.98,C
SDSS J110230.70+023706.4,0.98,C
SDSS J102910.22+050822.8,0.95,Sh
SDSS J160709.62+474354.9,0.93,
SDSS J163507.10+394931.3,0.91,
SDSS J000407.12-005149.3,0.99,
SDSS J082751.87+365508.1,0.92,F
SDSS J105153.70+510023.4,0.98,V
SDSS J094759.78+515238.7,0.98,C
SDSS J112232.10+073050.8,0.98,F
SDSS J101905.12+462714.6,1.0,Sh
SDSS J162105.00+395502.6,0.96,
SDSS J162447.55+394405.0,0.94,
SDSS J041736.89+270403.5,0.95,
SDSS J101903.79+433034.2,0.91,F
SDSS J133446.37+112852.6,0.99,F
SDSS J104329.94+120515.8,0.98,F
SDSS J124445.60+094526.3,0.94,C
SDSS J161504.80+342933.2,0.97,
SDSS J081115.92+251045.7,0.93,
SDSS J162917.56+245129.5,0.98,
SDSS J082927.65+550054.4,0.87,C
SDSS J081103.27+570145.1,0.99,
SDSS J151746.48-004634.0,0.97,
SDSS J140601.42-001837.9,0.93,
SDSS J133614.66-010224.8,0.97,
SDSS J131517.43+671034.6,0.99,
SDSS J083432.74+535132.3,0.95,C
SDSS J162820.98+490437.2,0.98,
SDSS J110902.87+050153.8,0.96,Sh
SDSS J150429.73+021958.9,0.99,Sh
SDSS J150521.18-020203.4,0.99,
SDSS J214328.10+124925.5,0.86,
SDSS J085354.89+412024.2,0.99,Sh
SDSS J144749.16+010305.7,0.99,F
SDSS J104809.31+481953.5,0.99,F
SDSS J092415.39+055628.2,0.98,Sh
SDSS J111234.86+582607.9,0.98,F
SDSS J102443.20-005249.1,0.99,
SDSS J123403.51+130041.4,0.92,Sh
SDSS J160242.57+411150.2,0.99,
SDSS J155618.32+432443.1,0.85,
SDSS J102855.05+123448.0,0.99,C
SDSS J122411.84+011246.8,0.93,V
SDSS J134600.99+442545.2,0.87,Sh
SDSS J135719.16+115833.6,0.96,F
SDSS J151308.55+054534.2,0.94,F
SDSS J131236.98-011151.0,0.92,
SDSS J140403.70+005347.4,0.93,F
SDSS J084845.62+001729.4,0.96,Sh
SDSS J083912.96+533724.6,0.95,C
SDSS J093400.37+022838.1,0.96,V
SDSS J232123.51-093134.9,0.98,
SDSS J163417.33+454900.7,0.85,
SDSS J005152.14-090704.4,0.95,
SDSS J140620.74+044213.4,0.98,Sh
SDSS J164844.16+393008.8,0.99,
SDSS J212859.44+112257.0,0.96,
SDSS J075935.76+441824.2,0.89,
SDSS J075609.47+265232.7,0.97,
SDSS J103736.69+460240.0,0.92,Sh
SDSS J133530.99+660730.9,0.86,
SDSS J134109.26+124617.4,0.99,Sh
SDSS J140211.31+092624.3,0.99,F
SDSS J135820.15+071330.3,0.98,F
SDSS J154150.15+100311.5,0.98,
SDSS J161600.57+221608.2,0.98,
SDSS J172901.77+600521.7,0.85,
SDSS J075106.23+174025.6,0.85,
SDSS J113256.78+155423.3,0.99,F
SDSS J091642.02+272117.9,0.99,F
SDSS J131704.95+014940.8,0.94,V
SDSS J092724.88+334154.4,0.98,Sh
SDSS J092117.64+264235.4,0.94,F
SDSS J120456.49+431938.2,0.96,Sh
SDSS J115140.25+064227.1,0.98,F
SDSS J130044.28+394514.8,0.98,F
SDSS J122207.31+085926.0,0.98,Sh
SDSS J134232.53+030455.6,0.97,V
SDSS J140323.14+092653.1,0.96,Sh
SDSS J162156.18+311802.0,0.92,
SDSS J151831.15+322334.2,0.95,F
SDSS J151603.95+430936.5,0.99,F
SDSS J150615.56+102025.4,0.98,F
SDSS J205802.71-002658.0,0.89,
SDSS J133739.87+390916.4,0.92,F
SDSS J100901.51+322931.1,0.99,Sh
SDSS J094021.19+274222.4,0.95,Sh
SDSS J133738.11+284809.4,0.99,F
SDSS J135632.29+283119.4,0.9,F
SDSS J005345.13-090635.2,0.97,
SDSS J083157.64+191241.4,0.95,Sh
SDSS J122520.12+282251.5,0.96,Sh
SDSS J091502.77+194149.5,0.87,F
SDSS J150424.68+492355.4,0.98,C
SDSS J165353.83+203551.7,0.98,
SDSS J112652.70+645038.7,0.97,
SDSS J111258.00+413718.5,0.99,F
SDSS J145742.01+363822.1,0.94,F
SDSS J154803.50+055620.4,0.91,
SDSS J151721.67+072045.8,0.97,C
SDSS J161315.91+302838.7,0.95,
SDSS J164424.34+250729.8,0.99,
SDSS J164423.08+202446.8,0.99,
SDSS J221159.27-001511.2,0.87,
SDSS J005848.86+003514.0,0.88,
SDSS J073904.22+480744.8,0.99,
SDSS J132941.09+365418.6,0.86,F
SDSS J143436.53+301645.7,0.97,F
SDSS J141830.16+295122.6,0.98,C
SDSS J113155.74+315251.4,0.86,F
SDSS J141759.43+050409.5,0.98,C
SDSS J094659.93+244208.1,0.98,F
SDSS J131054.09+563711.7,0.95,F
SDSS J131056.51+112838.5,0.96,V
SDSS J135129.47+434823.1,0.92,F
SDSS J122938.01+092943.3,0.98,C
SDSS J145237.88+061538.6,0.96,F
SDSS J144911.09+110654.8,0.93,F
SDSS J161401.28+202625.1,0.97,
SDSS J011425.68+003209.9,0.99,
SDSS J082003.78+562536.9,0.98,F
SDSS J100829.72+332046.9,0.99,Sh
SDSS J130603.54+355849.2,0.92,Sh
SDSS J130602.32+361941.6,0.97,F
SDSS J122158.64+340835.9,0.98,Sh
SDSS J122933.57+354617.5,0.98,Sh
SDSS J100554.97+290820.9,0.94,C
SDSS J093931.55+520320.0,0.94,F
SDSS J162652.91+411513.5,0.99,
SDSS J140520.32+304841.6,0.99,Sh
SDSS J150224.85+253818.6,0.99,F
SDSS J135048.19+294606.4,0.96,C
SDSS J125303.67+321936.3,0.98,F
SDSS J120930.28+285314.2,0.99,F
SDSS J125133.27+264611.3,0.94,F
SDSS J103756.52+222503.6,0.98,F
SDSS J122105.37+424737.5,0.98,F
SDSS J161849.04+213242.3,0.99,
SDSS J095715.73+335834.7,0.99,V
SDSS J144039.11+090545.8,0.98,F
SDSS J151852.59+045156.5,0.91,F
SDSS J160456.43+343545.4,0.9,
SDSS J161324.78+303559.0,0.92,
SDSS J161322.64+070219.9,0.94,
SDSS J172408.09+585942.3,0.97,
SDSS J140425.68+353642.6,0.95,F
SDSS J005042.73+002558.4,0.88,
SDSS J015406.21+005702.0,0.91,
SDSS J155152.08+254508.3,0.98,
SDSS J085241.65+404104.0,0.97,C
SDSS J091700.16+292103.1,0.88,F
SDSS J113329.95+341858.4,0.89,Sh
SDSS J112653.71+330709.5,0.96,Sh
SDSS J124947.42+320449.7,0.95,Sh
SDSS J111109.63+322625.4,0.87,F
SDSS J011011.65+141255.0,0.98,
SDSS J030828.51+002315.1,0.98,
SDSS J090922.29+241443.4,0.98,Sh
SDSS J102200.32+255221.2,0.98,F
SDSS J124903.68+305535.1,0.99,F
SDSS J115409.57+442158.0,0.95,Sh
SDSS J113001.82+444105.0,0.94,Sh
SDSS J125942.00+434511.5,0.97,Sh
SDSS J143759.94+400622.2,1.0,Sh
SDSS J133550.09+401618.0,0.98,Sh
SDSS J143806.56+370035.1,0.97,Sh
SDSS J161059.13+262057.0,0.85,
SDSS J152940.31+423915.2,0.95,C
SDSS J161257.59+323044.7,0.99,
SDSS J154103.33+321335.9,0.87,
SDSS J085728.53+283700.3,0.95,F
SDSS J101421.97+301025.5,0.89,Sh
SDSS J142729.01+295707.2,0.97,Sh
SDSS J125945.32+320242.0,0.91,F
SDSS J162605.17+410300.1,0.88,
SDSS J080049.73+273001.5,0.99,
SDSS J162142.28+550509.8,0.98,
SDSS J155928.62+201303.1,0.98,
SDSS J125940.12+283750.8,0.99,F
SDSS J143100.68+252924.2,0.9,F
SDSS J135531.79+250735.8,0.99,C
SDSS J085727.94+200744.3,0.88,F
SDSS J112626.61+292349.9,0.97,F
SDSS J123400.41+290444.7,0.97,C
SDSS J081227.29+383713.7,0.94,
SDSS J113031.49+512721.3,0.97,F
SDSS J093320.62+205543.2,0.97,F
SDSS J112819.70+275007.1,0.99,C
SDSS J125006.02+250119.9,0.99,F
SDSS J131730.17+203555.9,0.96,F
SDSS J143101.53+142505.7,0.98,Sh
SDSS J143759.54+142704.9,0.98,F
SDSS J085501.83+393310.2,0.96,F
SDSS J140951.93+145220.6,1.0,F
SDSS J135536.39+165912.2,0.95,F
SDSS J095758.41+152801.8,0.97,F
SDSS J094231.46+070556.6,0.98,Sh
SDSS J141002.10+373303.4,0.99,Sh
SDSS J155630.91+282614.3,0.99,
SDSS J155637.05+270042.8,0.91,
SDSS J165556.11+244115.6,0.94,
SDSS J075701.86+493402.4,0.98,
SDSS J125838.37+532436.0,0.88,C
SDSS J132921.44+372450.4,0.94,C
SDSS J134935.07+351511.6,0.98,Sh
SDSS J112549.88+333942.6,0.98,F
SDSS J130127.30+344526.4,0.94,Sh
SDSS J101358.19+280302.5,0.91,Sh
SDSS J130125.07+284038.0,0.98,F
SDSS J142936.19+260349.8,0.94,F
SDSS J134445.07+270814.5,0.98,F
SDSS J160155.60+154222.9,0.92,
SDSS J082830.98+172801.8,0.99,F
SDSS J075609.91+141538.2,0.9,
SDSS J162656.90+352759.9,0.94,
SDSS J093745.38+223539.5,0.99,F
SDSS J093742.04+211732.5,0.94,F
SDSS J085345.64+180920.7,0.94,V
SDSS J094607.45+213352.7,0.92,F
SDSS J101715.73+211350.9,0.97,Sh
SDSS J103234.03+194610.6,0.96,Sh
SDSS J112545.34+240823.9,0.97,F
SDSS J134107.85+231655.4,0.85,F
SDSS J112907.64+252458.3,0.99,Sh
SDSS J115214.50+183903.8,0.93,F
SDSS J013543.80-095918.9,0.99,
SDSS J081901.88+211109.0,0.98,
SDSS J104622.04+131317.1,0.97,F
SDSS J120405.41+140355.9,0.97,F
SDSS J121113.51+381346.1,0.92,F
SDSS J134018.24+320911.2,0.97,F
SDSS J110643.36+314428.4,0.97,Sh
SDSS J142215.26+240243.9,0.99,F
SDSS J160708.23+141557.7,0.97,
SDSS J172849.78+583125.1,0.95,
SDSS J102906.38+202532.9,0.91,Sh
SDSS J143428.87+181328.8,0.96,F
SDSS J125653.54+222224.9,0.98,F
SDSS J121115.04+175317.5,0.97,F
SDSS J151535.86+572212.1,0.98,C
SDSS J230915.76+195316.1,0.91,
SDSS J131117.93+473247.3,0.98,C
SDSS J104801.04+431111.6,0.99,C
SDSS J135814.19+363900.5,0.94,Sh
SDSS J142949.76+343605.5,0.99,C
SDSS J162359.62+214742.1,0.97,
SDSS J093226.35+100624.7,0.94,Sh
SDSS J155535.20+062748.6,0.93,
SDSS J154912.08+043053.8,0.99,
SDSS J151024.20+450958.0,0.97,Sh
SDSS J160640.89+370548.8,0.93,
SDSS J160634.94+262214.1,0.97,
SDSS J132056.68+140921.8,0.89,F
SDSS J144232.44+334446.9,0.97,F
SDSS J150457.92+314025.8,0.86,Sh
SDSS J220713.82-003554.4,0.99,
SDSS J084015.50+560254.6,0.99,F
SDSS J232007.44-002059.5,0.98,
SDSS J081850.17+220655.4,0.97,
SDSS J135740.31+380900.9,0.99,Sh
SDSS J144235.26+305730.2,0.97,F
SDSS J142255.33+325102.3,0.99,Sh
SDSS J144233.24+284335.2,0.98,V
SDSS J124144.25+350338.0,0.93,F
SDSS J132719.35+314717.9,0.99,Sh
SDSS J150046.11+495937.1,0.92,V
SDSS J133001.76+310036.2,0.98,F
SDSS J160711.80+182711.0,0.95,
SDSS J145446.11+240552.8,0.98,V
SDSS J150451.99+210410.0,0.99,Sh
SDSS J030508.57+002036.3,0.99,
SDSS J085445.30+220157.9,0.97,F
SDSS J110437.23+281340.6,0.98,F
SDSS J165002.35+281022.2,0.95,
SDSS J153307.21+350337.5,0.98,Sh
SDSS J164754.45+242418.9,0.99,
SDSS J141341.90+123015.0,0.99,F
SDSS J141544.84+361041.6,0.98,Sh
SDSS J162440.08+255618.8,0.94,
SDSS J125544.24+481714.1,0.97,F
SDSS J133305.01+141218.5,0.99,F
SDSS J114420.30+150616.6,0.98,F
SDSS J123134.47+375849.9,0.99,Sh
SDSS J115719.70+362456.9,0.99,F
SDSS J122226.67+363643.4,0.85,V
SDSS J094634.74+303911.1,0.93,Sh
SDSS J133306.57+330903.7,0.99,C
SDSS J132804.58+341841.5,0.92,C
SDSS J082430.93+183549.5,0.98,Sh
SDSS J112448.59+284506.9,0.95,F
SDSS J094854.49+245229.0,0.96,Sh
SDSS J100111.87+001945.6,0.97,Sh
SDSS J124936.86+305043.8,0.98,F
SDSS J102016.67+243550.8,0.95,F
SDSS J122224.68+283656.4,0.98,F
SDSS J124934.21+252812.4,0.95,V
SDSS J094604.58+192630.8,0.99,Sh
SDSS J142102.90+171714.6,0.99,C
SDSS J125620.32+052835.5,0.98,Sh
SDSS J035055.10-070338.2,0.96,
SDSS J150642.05+124035.1,0.99,F
SDSS J014625.05-083811.9,0.95,
SDSS J113928.12-024140.9,0.95,
SDSS J104221.25+161715.1,0.91,F
SDSS J165203.62+630656.9,0.99,
SDSS J001850.89-102236.6,0.99,
SDSS J015944.47-075020.9,0.92,
SDSS J120455.71+212533.9,0.96,V
SDSS J150055.31+165649.4,0.94,Sh
SDSS J114236.27+185043.6,0.98,V
SDSS J102256.62+182040.9,0.99,Sh
SDSS J113102.58+182330.1,0.99,V
SDSS J141006.90+173656.7,0.97,F
SDSS J145651.06+142332.6,0.94,Sh
SDSS J115143.30+015928.6,0.98,F
SDSS J165214.37+635739.0,0.89,
SDSS J214038.97+063035.1,0.92,
SDSS J123807.68+224154.8,0.98,Sh
SDSS J142116.67+220229.7,0.96,F
SDSS J122911.17+202201.7,0.98,Sh
SDSS J140002.61+155514.0,0.92,F
SDSS J120718.58+165029.1,0.98,F
SDSS J120523.16+175309.5,0.99,Sh
SDSS J125130.04+180355.2,0.98,Sh
SDSS J083627.91+103842.1,0.96,F
SDSS J105755.11+083016.2,0.97,F
SDSS J133647.10+062947.8,0.89,C
SDSS J133650.09+033130.8,0.91,C
SDSS J090655.44-000152.6,0.93,
SDSS J115245.28+335926.4,0.86,C
SDSS J131239.04+340354.5,0.95,F
SDSS J142709.50+305653.5,0.98,Sh
SDSS J160725.72+193258.6,0.93,
SDSS J140205.90+260339.1,0.99,Sh
SDSS J135823.90+220313.6,0.85,C
SDSS J121649.21+301611.6,0.87,Sh
SDSS J090730.82+182605.2,0.93,C
SDSS J111319.07+255145.8,0.99,F
SDSS J082801.70+145646.9,0.99,Sh
SDSS J121609.03+280746.8,0.86,F
SDSS J103741.98+234023.7,0.98,Sh
SDSS J145557.97+183008.4,0.94,F
SDSS J161756.07+113703.2,0.98,
SDSS J160215.59+460511.2,0.98,
SDSS J100819.66+165353.2,0.88,F
SDSS J103736.74+185800.6,0.98,Sh
SDSS J130439.85+182528.1,0.97,F
SDSS J151815.10+122919.1,0.99,F
SDSS J142034.13+152635.3,0.86,V
SDSS J084847.95+112716.7,0.94,F
SDSS J124944.66-025826.4,0.97,
SDSS J165150.61+634252.4,0.99,
SDSS J110233.87+023623.4,0.98,C
SDSS J232102.76+151320.6,0.97,
SDSS J075103.74+175746.1,0.92,
SDSS J075108.04+340322.7,0.89,
SDSS J021827.25-041219.4,0.99,
SDSS J113027.88+254858.1,0.99,C
SDSS J113030.11+261332.0,0.95,F
SDSS J111814.71+263713.9,0.99,F
SDSS J102905.18+590712.4,0.98,Sh
SDSS J103116.24+192258.8,0.88,Sh
SDSS J141440.16+205437.5,0.9,Sh
SDSS J114447.79+194624.2,0.97,F
SDSS J142525.71+180021.0,0.85,Sh
SDSS J104353.98+182309.3,0.99,F
SDSS J075232.37+332853.8,0.98,
SDSS J080240.65+343117.1,0.89,
SDSS J140452.62-003640.5,0.98,
SDSS J130539.11+260623.6,0.92,F
SDSS J122046.79+245456.0,0.98,F
SDSS J123931.64+254038.6,0.88,Sh
SDSS J114505.75+212441.9,0.95,F
SDSS J112659.72+210830.1,0.99,Sh
SDSS J091657.81+161815.3,0.88,Sh
SDSS J130949.98+243439.2,0.92,F
SDSS J113328.83+250832.5,0.98,C
SDSS J155100.98+514713.9,0.92,
SDSS J160920.74+084547.6,0.85,
SDSS J111352.64+172317.6,0.93,Sh
SDSS J161321.29+512539.4,0.97,
SDSS J122047.23+170057.6,0.97,F
SDSS J113622.74-024928.2,0.98,
SDSS J161700.06+190705.3,0.93,
SDSS J140327.85+004359.5,0.86,F
SDSS J130822.87+523723.9,0.94,F
SDSS J164806.78+245425.1,0.85,
SDSS J144210.96+125634.4,0.91,F
SDSS J155039.07+502736.8,0.98,
SDSS J162826.47+234111.4,0.96,
SDSS J083356.05+553221.8,0.91,C
SDSS J213704.37-003459.6,0.97,
SDSS J011835.60-001359.1,0.98,
SDSS J111237.50+151302.0,0.95,F
SDSS J122312.26+142320.2,0.99,C
SDSS J130800.19+150102.1,0.93,F
SDSS J163021.99+405527.3,0.97,
SDSS J131511.51+365754.2,0.92,Sh
SDSS J104811.44+331132.4,0.98,Sh
SDSS J145927.44+253502.7,0.98,C
SDSS J123741.71+320512.2,0.99,F
SDSS J104524.34+291307.7,0.85,F
SDSS J135344.78+283625.3,0.95,Sh
SDSS J161628.11+145314.4,0.9,
SDSS J030350.45-001216.0,0.89,
SDSS J030440.80-000712.5,0.97,
SDSS J120103.80+305040.3,0.92,Sh
SDSS J110902.69+272751.3,0.98,C
SDSS J130801.06+260712.1,0.9,V
SDSS J093930.47+190745.9,0.98,Sh
SDSS J145109.90+171120.0,0.9,C
SDSS J104524.15+202027.2,0.93,C
SDSS J150431.64+171854.2,0.97,F
SDSS J092123.07+164623.2,0.85,F
SDSS J144252.58+183712.9,0.97,Sh
SDSS J102132.74+223246.9,0.96,Sh
SDSS J144152.19+183437.1,0.99,F
SDSS J084600.85+123656.8,0.99,V
SDSS J160718.22+131340.9,0.94,
SDSS J135741.34+173031.4,0.96,F
SDSS J164624.67+632501.1,0.99,
SDSS J170702.62+641933.4,0.98,
SDSS J105805.16+170727.9,0.91,C
SDSS J091226.61+135953.2,0.88,F
SDSS J081600.59+373144.9,0.96,
SDSS J124831.87-032806.6,0.97,
SDSS J133607.91+033034.0,0.95,C
SDSS J155530.83-004937.8,0.93,
SDSS J095243.92-000329.9,0.95,
SDSS J132913.84+004342.6,0.97,F
SDSS J171140.16+595944.2,0.96,
SDSS J081127.75+473828.4,0.98,
SDSS J120759.99+012345.3,0.97,Sh
SDSS J142314.69+005842.0,0.99,Sh
SDSS J095939.53+003512.1,0.95,F
SDSS J144502.43+043025.7,0.85,C
SDSS J015551.25-095800.5,0.98,
SDSS J101555.51+484117.6,0.98,F
SDSS J014401.41+130426.9,0.87,
SDSS J110426.40+045003.5,0.92,F
SDSS J093015.18+040839.1,0.99,F
SDSS J165927.79+322127.2,0.98,
SDSS J233037.78+153618.5,0.96,
SDSS J230522.09-101323.2,0.91,
SDSS J001455.07+001508.1,0.99,
SDSS J084527.40+342509.2,0.99,F
SDSS J112742.41+555516.1,0.89,Sh
SDSS J084803.31+373945.9,0.9,V
SDSS J090924.30+374108.7,0.94,C
SDSS J101054.37+455701.3,0.86,F
SDSS J110408.94+082207.4,0.97,Sh
SDSS J081529.48+294918.1,0.97,
SDSS J032022.06+413827.3,0.96,
SDSS J031414.76-060511.0,0.91,
SDSS J015248.67-102244.7,0.96,
SDSS J014835.74-093118.7,0.98,
SDSS J154514.38+004619.9,0.89,
SDSS J092101.68+390923.6,0.97,Sh
SDSS J101428.94-011351.9,0.96,
SDSS J141722.82+584501.7,0.92,F
SDSS J115545.10+491742.3,0.99,F
SDSS J074704.90+275650.8,0.98,
SDSS J083439.89+382144.7,0.99,F
SDSS J123036.34+571858.9,0.91,F
SDSS J114739.41+573843.2,0.99,V
SDSS J114739.60+573856.5,0.94,Sh
SDSS J095230.66+045046.0,0.99,V
SDSS J115057.70+515711.4,0.96,F
SDSS J095256.06+465545.4,0.98,F
SDSS J090334.57+414236.4,0.98,F
SDSS J091816.12+475655.5,0.86,F
SDSS J075341.57+262933.6,0.97,
SDSS J130620.02+491820.8,0.99,F
SDSS J134045.29+481017.0,0.99,Sh
SDSS J101258.30+061036.6,0.99,F
SDSS J115100.99+063237.7,0.93,F
SDSS J113504.14+543933.2,0.98,F
SDSS J160033.12+435539.7,0.97,
SDSS J083732.17+290437.7,0.9,V
SDSS J091135.57+325055.6,0.98,Sh
SDSS J102524.20+553129.7,0.99,F
SDSS J122427.31+000910.3,0.95,Sh
SDSS J123249.77+031759.6,0.96,Sh
SDSS J094417.90+024938.7,0.98,C
SDSS J123250.29+054753.2,0.96,F
SDSS J164835.18+413601.7,0.95,
SDSS J164832.57+440554.4,0.98,
SDSS J111710.62+075513.4,0.9,F
SDSS J140842.05-030008.7,0.96,
SDSS J150301.91-023456.2,0.99,
SDSS J221223.75-004745.3,0.97,
SDSS J234022.62-000925.7,0.89,
SDSS J120825.57+100100.0,0.99,Sh
SDSS J110418.00+500202.7,0.98,F
SDSS J105439.32+475144.2,0.98,Sh
SDSS J085557.20+062010.7,0.92,V
SDSS J105427.77+095659.5,0.99,F
SDSS J110415.80+530755.3,0.91,F
SDSS J083219.48+311126.9,0.98,V
SDSS J084807.14+544325.7,0.98,F
SDSS J113935.54+020251.7,0.99,V
SDSS J101353.57-001907.9,0.96,
SDSS J101352.58+003303.4,0.95,F
SDSS J122549.39+500545.3,0.99,Sh
SDSS J025704.37-074108.3,0.97,
SDSS J092804.89+023450.3,0.9,V
SDSS J130313.63+043536.8,0.98,C
SDSS J130319.02+043552.1,0.98,C
SDSS J131005.91+630521.0,0.96,
SDSS J235603.91-005918.6,0.89,
SDSS J001755.39+002006.8,0.98,
SDSS J144121.47+440725.1,0.94,Sh
SDSS J131004.65+493941.4,0.89,F
SDSS J130316.11+503714.7,0.98,F
SDSS J110505.13+075639.8,0.99,Sh
SDSS J092933.06+361050.7,0.99,Sh
SDSS J094722.94+344701.4,0.98,Sh
SDSS J151740.28+490553.3,0.96,F
SDSS J123317.60+575620.1,0.97,F
SDSS J124414.06+483522.3,0.88,C
SDSS J120050.22+121003.4,0.99,Sh
SDSS J153221.50+482420.2,0.97,C
SDSS J131141.10+441016.1,0.98,C
SDSS J113932.27+444311.2,0.97,Sh
SDSS J131145.80+444347.5,0.91,C
SDSS J105857.07+400159.1,0.94,F
SDSS J111629.13+410442.0,0.97,Sh
SDSS J125013.84+073444.4,0.98,V
SDSS J093148.65+072405.1,0.99,V
SDSS J085658.24+533508.9,0.96,F
SDSS J155510.90+521006.5,0.99,
SDSS J080658.20+460821.9,0.98,
SDSS J121901.38+670842.2,0.97,
SDSS J092715.67+595137.0,0.98,Sh
SDSS J151157.34+014834.3,0.89,Sh
SDSS J233224.44+155052.7,0.9,
SDSS J094049.65+563941.5,0.99,F
SDSS J074956.03+260213.6,0.91,
SDSS J092324.47+410113.6,0.96,F
SDSS J092325.74+062641.1,0.96,C
SDSS J111640.83+075748.5,0.98,F
SDSS J104013.71+391402.7,0.89,C
SDSS J112405.89+454840.0,0.95,Sh
SDSS J091841.47+332505.0,0.99,F
SDSS J103705.40+124614.0,0.93,F
SDSS J162020.79+011342.3,0.98,
SDSS J125536.89-005301.6,0.86,
SDSS J113325.40-022251.4,0.95,
SDSS J032321.04-062902.8,0.98,
SDSS J113631.12+024500.1,0.99,F
SDSS J094434.96+554546.2,0.99,Sh
SDSS J093451.74+345545.3,0.93,C
SDSS J124521.61+614139.8,0.98,
SDSS J140022.02-021857.2,0.89,
SDSS J215824.97-004422.6,0.95,
SDSS J125219.08+481143.2,0.9,V
SDSS J112502.48+564155.0,0.91,F
SDSS J080315.44+304747.3,0.97,
SDSS J095033.34+521729.2,0.99,Sh
SDSS J084931.02+391235.0,0.98,F
SDSS J102714.86+083300.9,0.85,C
SDSS J124016.60+103106.7,0.95,Sh
SDSS J032555.30-003955.8,0.96,
SDSS J032323.94+002643.5,0.99,
SDSS J082329.85+270811.4,0.98,Sh
SDSS J141814.91+005327.9,0.96,F
SDSS J103657.37+001347.1,0.92,Sh
SDSS J130353.55+472311.3,0.98,F
SDSS J081341.02+455937.4,0.99,
SDSS J080015.60+451358.5,0.98,
SDSS J095200.03+023512.0,0.86,Sh
SDSS J005049.67-090849.7,0.91,
SDSS J122732.97+061400.0,0.99,Sh
SDSS J161218.79+492353.4,0.95,
SDSS J161939.53+475223.6,0.97,
SDSS J145839.44+011657.5,0.97,Sh
SDSS J130738.69-005632.8,0.99,
SDSS J093813.89+482317.9,0.94,F
SDSS J094137.81+484013.9,0.95,V
SDSS J100154.92+531536.3,0.96,F
SDSS J100152.30+442838.7,0.93,V
SDSS J130739.59-005628.4,0.99,
SDSS J085039.93+362802.6,0.99,F
SDSS J104451.72+063548.6,0.96,F
SDSS J115752.89+551846.5,0.93,C
SDSS J145855.13+480100.2,0.95,F
SDSS J161941.97+374822.6,0.96,
SDSS J085752.97+074459.2,0.99,F
SDSS J100057.00+111055.5,0.99,F
SDSS J121209.45+141832.8,0.88,C
SDSS J131924.03+452301.5,0.99,F
SDSS J015010.36+124324.3,0.97,
SDSS J130843.27-020805.7,0.99,
SDSS J155132.18+520253.3,0.9,
SDSS J081249.97+472633.6,0.99,
SDSS J111827.86+650155.7,0.97,
SDSS J094112.93+610340.7,0.97,
SDSS J155203.32+544019.9,0.96,
SDSS J223507.00-084555.2,0.98,
SDSS J214249.98-064949.1,0.99,
SDSS J232742.85+143241.0,0.97,
SDSS J094558.80+030842.6,0.95,Sh
SDSS J100513.12+040948.9,0.95,Sh
SDSS J082509.35+421801.0,0.96,F
SDSS J121755.81+055211.2,0.98,F
SDSS J150806.85+022553.1,0.98,F
SDSS J150851.10+024802.6,0.95,Sh
SDSS J145309.60-022014.3,0.94,
SDSS J153150.40-011108.3,0.91,
SDSS J150924.03+051427.7,0.94,C
SDSS J205432.42+000231.0,0.98,
SDSS J085635.48+390323.1,0.98,F
SDSS J122256.59+674537.5,0.98,
SDSS J111817.05+534459.6,0.95,Sh
SDSS J111458.37+545741.1,0.93,F
SDSS J113428.93+552009.9,0.97,C
SDSS J153348.82+422908.3,0.97,Sh
SDSS J081246.44+262142.3,0.99,
SDSS J090255.29+091428.7,0.9,C
SDSS J123455.90+153356.2,0.99,F
SDSS J102344.28+373828.1,0.99,Sh
SDSS J160419.63-003815.8,0.99,
SDSS J102224.13+011153.6,0.99,F
SDSS J122921.63+010325.0,0.99,F
SDSS J013142.28+133455.7,0.98,
SDSS J171409.03+584906.2,0.98,
SDSS J001936.41-092643.3,0.89,
SDSS J101924.44+635925.0,0.95,
SDSS J154601.30+024251.2,0.98,
SDSS J232714.80-092313.1,0.99,
SDSS J120031.40+042703.3,0.87,F
SDSS J032402.51-055603.9,0.91,
SDSS J170335.07+364858.8,0.89,
SDSS J112833.41+583346.2,0.89,F
SDSS J222922.26+121133.3,0.92,
SDSS J232227.39+134857.0,0.92,
SDSS J230410.27+150454.7,0.87,
SDSS J231439.13-092619.9,0.96,
SDSS J084945.52+401446.9,0.96,F
SDSS J102810.11+495837.2,0.87,F
SDSS J084617.91+374148.0,0.98,F
SDSS J091729.06+395537.4,0.89,C
SDSS J150556.81+421334.2,0.96,Sh
SDSS J115610.31+603121.0,0.99,
SDSS J134007.49-025254.7,0.91,
SDSS J105133.75+080953.7,0.96,F
SDSS J113846.34+105301.3,0.98,F
SDSS J095326.06+075154.9,0.97,F
SDSS J092052.71+352205.8,0.98,F
SDSS J080431.10+401221.7,0.96,
SDSS J150140.11+492226.0,0.85,F
SDSS J092056.05+104158.1,0.99,F
SDSS J110257.75-005743.6,0.98,
SDSS J094014.71+004233.2,0.99,Sh
SDSS J081522.35+440352.1,0.87,
SDSS J123911.38+004302.8,0.89,F
SDSS J144325.41+585315.6,0.98,F
SDSS J144827.20+630210.4,0.99,
SDSS J123012.10+033439.9,0.9,Sh
SDSS J011407.17-102152.9,0.97,
SDSS J092029.36+550633.0,0.99,C
SDSS J084824.51+471721.0,0.99,Sh
SDSS J170942.56+362453.7,0.99,
SDSS J143635.85+574749.0,0.98,F
SDSS J073800.16+311457.4,0.95,
SDSS J144317.61-024514.3,0.99,
SDSS J091555.52+441958.0,0.97,F
SDSS J123007.18+585550.2,0.85,Sh
SDSS J102433.20+080837.2,0.96,V
SDSS J111445.63+101329.3,0.96,C
SDSS J101658.69+493737.8,0.93,Sh
SDSS J160301.41+393843.0,1.0,
SDSS J165547.13+391837.8,0.94,
SDSS J100256.24+422404.4,0.97,Sh
SDSS J101229.20+112718.2,0.96,F
SDSS J170045.07+274938.8,0.96,
SDSS J133239.51+564433.5,0.99,F
SDSS J115554.89+435633.4,0.98,Sh
SDSS J130938.75+451609.2,0.99,F
SDSS J012709.53+144634.6,0.99,
SDSS J100802.16+635924.4,0.96,
SDSS J132638.78+021849.3,0.98,F
SDSS J111622.33+044258.5,0.91,F
SDSS J090901.57+494536.4,0.98,F
SDSS J153939.44+031156.5,0.98,F
SDSS J153933.20+011610.3,0.95,Sh
SDSS J003234.97+150210.4,0.9,
SDSS J013148.10+003945.8,0.99,
SDSS J091741.75+440217.6,0.99,F
SDSS J115656.16+553036.2,0.99,C
SDSS J100232.91+444717.4,0.91,Sh
SDSS J121728.07+673332.3,0.91,
SDSS J162337.97+391212.6,0.99,
SDSS J115920.00+474241.5,0.97,F
SDSS J110323.32+124914.0,0.97,F
SDSS J130812.75+522759.4,0.99,F
SDSS J115915.00+423400.6,0.99,V
SDSS J132647.15+404950.7,0.95,Sh
SDSS J133735.77+601513.3,0.96,
SDSS J131325.99+085856.4,0.93,Sh
SDSS J111422.66+620419.5,0.95,
SDSS J012801.28-092829.4,0.9,
SDSS J025245.02-075221.9,0.97,
SDSS J105247.57+015241.5,0.92,C
SDSS J101620.49+044919.2,0.97,F
SDSS J110106.56+043758.4,0.98,F
SDSS J170017.86+382333.8,0.99,
SDSS J123950.22+034749.2,0.99,V
SDSS J130454.21+034928.0,0.97,F
SDSS J090706.77+423542.4,0.95,F
SDSS J231347.06+134115.3,0.99,
SDSS J084812.48+364650.7,0.99,C
SDSS J075142.16+273626.5,0.99,
SDSS J095011.12+441742.1,0.98,F
SDSS J120312.45+575336.5,0.92,F
SDSS J123849.38+445730.7,0.87,Sh
SDSS J114041.31+123446.7,0.99,Sh
SDSS J132259.38+080550.2,0.98,F
SDSS J125340.62+064730.8,0.92,Sh
SDSS J102614.50+372733.8,0.97,F
SDSS J124404.02+090347.9,0.88,F
SDSS J125417.61+511022.3,0.99,Sh
SDSS J164224.69+262828.5,0.98,
SDSS J154538.57+090328.3,0.99,
SDSS J160149.71+080853.8,0.95,
SDSS J111827.27+573518.9,0.96,C
SDSS J135330.71-010301.9,0.88,
SDSS J031318.04-072942.3,0.94,
SDSS J145833.92+033106.6,0.95,V
SDSS J014636.92+144131.0,0.97,
SDSS J130320.74+650812.9,0.96,
SDSS J132950.35-012544.5,0.89,
SDSS J151930.95+050627.2,0.98,F
SDSS J002938.37+002437.3,0.94,
SDSS J231226.29+134335.6,0.94,
SDSS J103145.04+464018.1,0.97,F
SDSS J114518.08+493413.5,0.98,F
SDSS J100946.27+051022.5,0.97,V
SDSS J103155.99+504105.8,0.87,F
SDSS J163716.45+355844.5,0.99,
SDSS J100522.96+114344.3,0.99,C
SDSS J115404.25+142940.3,0.98,Sh
SDSS J112205.96+144352.7,0.99,Sh
SDSS J141226.51+454125.4,0.97,Sh
SDSS J100520.08+362603.1,0.96,C
SDSS J153904.54+321537.5,0.89,Sh
SDSS J134650.37+423904.7,0.97,Sh
SDSS J125950.90+125758.2,0.94,F
SDSS J113536.08+420233.9,0.92,Sh
SDSS J132500.87+374222.6,0.97,Sh
SDSS J120801.96+391436.1,0.99,C
SDSS J122126.37+394150.1,0.93,V
SDSS J134001.33+072202.8,0.95,C
SDSS J081523.41+284407.2,0.96,
SDSS J155517.83+290621.2,0.97,
SDSS J140814.39+354412.5,0.99,F
SDSS J232444.63+010148.2,0.98,
SDSS J003052.16+003143.5,0.93,
SDSS J124851.67+491807.4,0.92,F
SDSS J074614.28+464455.2,0.99,
SDSS J124701.94+403547.1,0.99,Sh
SDSS J135604.44+381815.0,0.97,F
SDSS J082049.31+223927.9,0.86,Sh
SDSS J075640.51+165512.4,0.95,
SDSS J111920.23+344957.1,0.98,Sh
SDSS J150751.24+272707.2,0.99,V
SDSS J145532.98+272031.8,0.98,F
SDSS J093017.36+263828.5,0.99,F
SDSS J150755.37+202756.4,0.95,F
SDSS J085007.63+214113.0,0.99,F
SDSS J110852.24+294804.4,0.98,F
SDSS J094431.77+243016.4,0.99,F
SDSS J104826.52+065801.3,0.98,F
SDSS J104153.37+004735.5,0.98,V
SDSS J101105.24+011326.6,0.99,Sh
SDSS J171437.37+574938.2,0.94,
SDSS J083002.02+494109.8,0.95,Sh
SDSS J002536.50+140655.2,0.94,
SDSS J084633.29+482548.2,0.98,Sh
SDSS J135519.36+041012.6,0.98,F
SDSS J164405.20+430031.6,0.97,
SDSS J143129.13+065116.6,0.97,C
SDSS J001039.34-000310.3,0.97,
SDSS J095103.68+471003.1,0.98,F
SDSS J123151.82+522402.2,0.99,V
SDSS J085220.93+055610.8,0.99,V
SDSS J112839.91+090555.3,0.94,F
SDSS J143403.32+553000.1,0.98,F
SDSS J162614.22+395801.8,0.99,
SDSS J171438.25+280714.9,0.87,
SDSS J083002.84+291659.2,0.98,F
SDSS J121821.40+594353.2,0.97,Sh
SDSS J102335.85+373816.0,0.99,Sh
SDSS J130113.65+580644.2,0.85,F
SDSS J165754.79+205406.8,0.98,
SDSS J143358.63+401439.7,0.99,F
SDSS J102336.58+422047.7,0.97,C
SDSS J114111.13+432635.3,0.98,Sh
SDSS J130741.34+531635.2,0.89,C
SDSS J121513.23+131104.2,0.98,Sh
SDSS J133839.60+122725.4,0.97,Sh
SDSS J150622.78+090300.1,0.93,Sh
SDSS J142123.43+111614.8,0.97,Sh
SDSS J104038.59+371959.5,0.98,F
SDSS J162351.83+342054.9,0.96,
SDSS J144406.31+091648.9,0.98,F
SDSS J155325.42+392310.3,0.98,
SDSS J155324.15+274033.8,0.85,
SDSS J140902.31+141901.1,0.97,F
SDSS J085046.30+613823.7,0.96,
SDSS J115101.38+362925.6,0.99,F
SDSS J132628.53+360037.0,0.98,F
SDSS J080320.11+254841.0,0.93,
SDSS J155323.51+221908.4,0.98,
SDSS J134059.80+302058.0,0.97,F
SDSS J161457.05+555224.6,0.98,
SDSS J144601.80+253546.0,0.98,Sh
SDSS J155555.37+170949.4,0.94,
SDSS J103545.78+231907.4,0.99,F
SDSS J111543.43+220507.6,0.85,F
SDSS J091454.49+154127.1,0.99,F
SDSS J122901.46+243757.5,0.99,Sh
SDSS J114526.81+205752.8,0.98,Sh
SDSS J151757.11+125751.4,0.93,Sh
SDSS J140814.24+161012.6,0.97,Sh
SDSS J230328.17+144134.3,0.88,
SDSS J095922.62+155452.7,0.88,F
SDSS J095242.00+141249.7,0.98,F
SDSS J081125.48+085338.1,0.94,
SDSS J171142.72+341315.1,0.98,
SDSS J120846.11+471321.6,0.99,Sh
SDSS J140042.98-003020.7,0.93,
SDSS J105545.11+441045.1,0.96,F
SDSS J132843.40+431811.2,1.0,Sh
SDSS J132840.22+124240.3,0.97,F
SDSS J122433.62+064244.6,0.96,Sh
SDSS J150701.12+090335.8,0.95,Sh
SDSS J150632.47+092658.4,0.93,F
SDSS J121348.79+394223.4,0.98,F
SDSS J153533.83+361435.6,0.9,Sh
SDSS J152915.99+393741.1,0.97,V
SDSS J024807.86-004508.2,0.99,
SDSS J083221.60+243142.6,0.99,F
SDSS J092557.77+343747.5,0.99,C
SDSS J085034.63+553223.0,0.93,F
SDSS J085745.10+252347.1,0.93,V
SDSS J130655.89+350756.6,0.99,Sh
SDSS J152918.22+204422.1,0.93,F
SDSS J171455.01+353113.6,0.98,
SDSS J030747.06+001611.4,0.97,
SDSS J120043.90+245121.4,0.99,F
SDSS J100654.51+193528.7,0.93,Sh
SDSS J141146.16+203140.8,0.98,F
SDSS J131446.35+061914.8,0.99,V
SDSS J153646.27+565600.2,0.93,V
SDSS J160817.46+054342.7,0.98,
SDSS J140700.17+102745.1,0.95,Sh
SDSS J145629.01+092116.3,0.94,C
SDSS J142019.20+085538.9,0.99,Sh
SDSS J110117.21+670622.9,0.98,
SDSS J025711.74-001323.0,0.85,
SDSS J093615.94+682357.6,0.99,
SDSS J135655.41+140832.0,0.99,Sh
SDSS J101327.61+355718.2,0.94,F
SDSS J133342.58+361905.3,0.93,F
SDSS J141516.21+342054.1,0.98,F
SDSS J154843.52+253800.8,0.98,
SDSS J090104.31+331500.9,0.9,F
SDSS J151457.41+255343.6,0.9,F
SDSS J130316.57+324317.2,0.96,Sh
SDSS J110458.47+300138.4,0.99,F
SDSS J160648.28+172934.0,0.98,
SDSS J155919.49+184203.0,0.9,
SDSS J154843.89+175145.8,0.93,
SDSS J230326.08-094852.3,0.99,
SDSS J141756.73+014314.9,0.98,F
SDSS J160043.15+164258.5,0.96,
SDSS J135708.01+215957.1,0.96,C
SDSS J125248.89+272406.5,0.99,C
SDSS J113434.73+223105.8,0.97,C
SDSS J121305.57+225326.7,0.97,Sh
SDSS J141410.85+210116.8,0.98,F
SDSS J141515.12+180740.5,0.98,Sh
SDSS J151035.24+132727.5,0.95,F
SDSS J145255.63+124427.5,0.94,C
SDSS J110259.37+171949.4,0.99,Sh
SDSS J105228.63+455321.1,0.96,V
SDSS J105402.41+460140.7,0.98,Sh
SDSS J090007.29+293757.9,0.88,Sh
SDSS J094908.76+022850.9,0.98,F
SDSS J170533.69+250619.4,0.97,
SDSS J124302.16+483445.1,0.98,C
SDSS J124304.79+083827.4,0.98,V
SDSS J153147.71+092828.7,0.97,F
SDSS J144837.85+064852.5,0.98,F
SDSS J132610.81+400401.0,0.96,Sh
SDSS J165615.63+205834.9,0.98,
SDSS J123452.13+145841.4,0.88,F
SDSS J153347.80+104647.6,0.99,F
SDSS J155124.77+264349.3,0.97,
SDSS J155159.82+242023.0,0.97,
SDSS J080441.36+504306.5,0.98,
SDSS J205440.97-000303.9,0.97,
SDSS J005656.90-011242.6,0.99,
SDSS J023239.29+003702.2,0.99,
SDSS J135100.93+134623.4,0.96,Sh
SDSS J113426.26+375826.6,0.96,V
SDSS J121117.17+392412.8,0.97,F
SDSS J111817.11+362236.8,0.96,F
SDSS J080837.92+192656.1,0.98,
SDSS J111456.83+334932.3,0.99,F
SDSS J152140.59+255033.2,0.98,F
SDSS J115640.51+323744.1,0.85,Sh
SDSS J121117.19+323537.6,0.92,F
SDSS J123238.52+284629.8,0.93,C
SDSS J150134.85+085645.7,0.97,F
SDSS J143915.53+332007.0,0.97,F
SDSS J141721.34+085339.0,0.98,C
SDSS J145315.11+451122.2,0.92,F
SDSS J150436.95+102356.1,0.99,F
SDSS J143518.38+350707.4,0.98,F
SDSS J081209.50+522718.8,0.97,
SDSS J073749.42+462351.5,0.96,
SDSS J005028.16+154052.0,0.93,
SDSS J102349.21+135708.1,0.96,F
SDSS J105458.85+141617.8,0.94,F
SDSS J123834.72+142108.6,0.98,V
SDSS J133225.53+382136.1,0.99,F
SDSS J092056.12+300759.6,0.9,Sh
SDSS J140311.99+344104.5,0.99,Sh
SDSS J102348.60+334828.7,0.99,Sh
SDSS J094912.35+021611.8,0.93,Sh
SDSS J092446.34+284858.4,0.96,F
SDSS J092638.54+263508.7,0.97,F
SDSS J152520.48+171936.7,0.91,Sh
SDSS J031028.14+010551.6,0.97,
SDSS J011448.67-002946.0,0.99,
SDSS J231433.12+001409.5,0.99,
SDSS J231543.19+002501.1,0.99,
SDSS J091732.79+190307.9,0.99,F
SDSS J130212.78+281253.4,0.96,F
SDSS J105828.31+242223.3,0.99,F
SDSS J093603.82+164537.3,0.93,F
SDSS J104150.49+211841.3,0.99,F
SDSS J151157.73+364706.1,0.97,V
SDSS J132341.90+130718.8,0.99,Sh
SDSS J132336.84+062424.3,0.91,Sh
SDSS J130337.85+075414.3,0.98,C
SDSS J152845.26+072821.0,0.97,C
SDSS J122054.67+110942.4,0.94,F
SDSS J140118.10+100707.7,0.97,F
SDSS J133937.80+060912.9,0.98,C
SDSS J140152.25+084709.3,0.99,F
SDSS J133214.41+102430.4,0.99,F
SDSS J151639.56+425713.9,0.99,F
SDSS J110822.04+135123.1,0.92,Sh
SDSS J132336.93+135824.7,0.99,F
SDSS J115339.59+382749.8,0.95,Sh
SDSS J115342.03+351008.8,0.95,F
SDSS J104009.81+262957.4,0.96,F
SDSS J091038.49+192822.6,0.86,V
SDSS J121905.39+271754.3,0.98,F
SDSS J133933.75+230726.2,0.91,F
SDSS J094822.78+540027.3,0.94,Sh
SDSS J121913.45+222553.2,0.99,F
SDSS J092322.66+164305.7,0.89,C
SDSS J132335.47+215435.5,0.96,F
SDSS J162850.16+395006.3,0.85,
SDSS J140822.48+165546.8,0.9,Sh
SDSS J135920.31+100821.5,0.99,F
SDSS J145324.60+462907.9,0.95,V
SDSS J154716.05+093459.8,0.96,
SDSS J144513.95+330149.0,0.98,Sh
SDSS J085940.80+614521.1,0.98,
SDSS J153934.87+231156.4,0.94,F
SDSS J101402.77+293825.8,0.9,F
SDSS J113730.97+312144.3,0.99,Sh
SDSS J132145.44+311414.0,0.97,F
SDSS J083706.51+412722.7,0.98,F
SDSS J153932.76+172554.7,0.98,Sh
SDSS J020211.84-000749.5,0.99,
SDSS J083214.34+193719.9,0.94,Sh
SDSS J075313.28+125353.4,0.92,
SDSS J090904.31+203451.6,0.95,V
SDSS J100731.98+525337.4,0.99,F
SDSS J110658.99+230022.7,0.99,F
SDSS J144516.86+172355.1,0.98,Sh
SDSS J092011.57+163148.9,0.99,F
SDSS J144742.16+182720.6,0.92,F
SDSS J115251.04+201422.0,0.98,Sh
SDSS J132639.91+195640.7,0.87,Sh
SDSS J135920.20+145805.4,0.98,F
SDSS J110357.74+135901.8,0.91,V
SDSS J082514.49+250058.0,0.98,V
SDSS J115632.70+463149.5,0.92,Sh
SDSS J100018.36+360557.3,0.95,Sh
SDSS J143717.14+385619.5,0.95,Sh
SDSS J115012.44+452843.0,0.88,V
SDSS J105731.87+081756.2,0.98,C
SDSS J105843.32+431915.2,0.99,Sh
SDSS J110403.22+433216.2,0.88,F
SDSS J154003.77+083023.2,0.86,
SDSS J110358.06+410358.1,0.94,Sh
SDSS J130543.95+073304.1,0.99,C
SDSS J130540.55+430211.3,0.98,F
SDSS J143715.95+100024.2,0.96,C
SDSS J121944.14+090854.9,0.99,Sh
SDSS J133624.38+074759.6,0.97,C
SDSS J153810.66+044649.4,0.94,V
SDSS J032247.22+000857.6,0.92,
SDSS J233450.54-011217.6,0.99,
SDSS J074225.14+453057.3,0.9,
SDSS J080218.51+555424.7,0.99,
SDSS J100020.85+112009.0,0.96,F
SDSS J104610.57+131730.4,0.96,F
SDSS J131935.95+533009.7,0.98,Sh
SDSS J121622.14+151543.2,0.96,V
SDSS J105251.53+374423.0,0.95,C
SDSS J130248.72+371323.5,0.98,F
SDSS J082944.35+222527.8,0.99,Sh
SDSS J113219.29+345709.9,0.93,Sh
SDSS J154006.76+204050.1,0.95,
SDSS J160529.17+194849.0,0.95,
SDSS J155802.77+162051.3,0.98,
SDSS J011106.17+151019.6,0.99,
SDSS J212526.60+041851.2,0.99,
SDSS J101348.35+180734.3,0.97,V
SDSS J120545.55+102349.7,0.98,F
SDSS J131717.39+472031.2,0.99,F
SDSS J160534.64+323940.9,0.98,
SDSS J140848.26+383225.7,0.98,V
SDSS J141915.26+561400.5,0.98,Sh
SDSS J143316.63+093942.4,0.97,F
SDSS J133246.69+374225.3,0.99,F
SDSS J161217.90+255930.8,0.96,
SDSS J173337.71+592951.9,0.94,
SDSS J164555.87+273105.7,0.94,
SDSS J150209.39+105039.9,0.97,F
SDSS J141835.40+125818.5,0.98,Sh
SDSS J111854.69+364027.5,0.99,F
SDSS J133804.04+323223.4,0.93,Sh
SDSS J015700.57-000523.4,0.99,
SDSS J075510.42+142213.2,0.99,
SDSS J125735.69+482914.5,0.98,F
SDSS J085042.12+170533.9,0.99,F
SDSS J114325.32+250019.5,0.99,Sh
SDSS J145219.55+170620.4,0.96,C
SDSS J150155.87+165834.3,0.99,Sh
SDSS J142408.38+210518.5,0.87,Sh
SDSS J155807.97+120413.0,0.96,
SDSS J155503.85+105745.8,0.94,
SDSS J104449.03+155706.1,0.92,Sh
SDSS J130142.01+531124.5,0.97,F
SDSS J155140.65+283008.2,0.96,
SDSS J122713.14+155846.6,0.98,F
SDSS J132711.89+552913.8,0.93,F
SDSS J153238.68+102711.2,0.97,V
SDSS J162836.03+243319.8,0.92,
SDSS J075132.50+481348.4,0.9,
SDSS J005942.11+005459.7,0.99,
SDSS J075137.71+502426.1,0.88,
SDSS J080400.60+543612.6,0.97,
SDSS J110254.77+351421.0,0.96,Sh
SDSS J110255.04+325235.0,0.85,Sh
SDSS J084825.19+234337.7,0.97,F
SDSS J133746.99+274941.4,0.99,Sh
SDSS J215917.94-065946.9,0.85,
SDSS J032902.57-005538.8,0.99,
SDSS J034907.92+010943.4,0.93,
SDSS J083240.35+193041.0,0.95,Sh
SDSS J103939.03+251921.8,0.97,Sh
SDSS J110049.17+232825.1,0.96,Sh
SDSS J152602.66+161923.6,0.99,Sh
SDSS J102525.96+171541.6,0.92,Sh
SDSS J091229.54+134803.8,0.99,F
SDSS J144313.53+162654.4,0.98,F
SDSS J110048.60+153609.7,0.99,F
SDSS J080358.99+083207.3,0.97,
SDSS J215547.29+045606.6,0.99,
SDSS J102625.53+173037.3,0.99,Sh
SDSS J100804.27+144814.9,0.89,C
SDSS J105215.32+494144.5,0.99,C
SDSS J131930.17+072849.4,0.86,Sh
SDSS J074438.73+402158.8,0.87,
SDSS J211914.65+060111.7,0.95,
SDSS J133848.06+185730.0,0.99,F
SDSS J165806.71+391910.6,0.96,
SDSS J091853.45+024739.3,0.9,Sh
SDSS J125031.63+423337.4,0.97,Sh
SDSS J121220.47+095911.1,0.88,Sh
SDSS J150758.33+135234.7,0.89,F
SDSS J143735.28+375537.7,0.98,F
SDSS J133212.73+060846.6,0.97,C
SDSS J015710.06+145501.1,0.91,
SDSS J120413.82+142956.6,0.94,Sh
SDSS J132653.26+374630.7,0.89,F
SDSS J131628.68+351555.7,0.98,Sh
SDSS J135934.21+300534.8,0.98,Sh
SDSS J162534.28+414053.1,0.97,
SDSS J160149.44+173826.0,0.98,
SDSS J090647.05+225004.9,0.98,F
SDSS J161256.82-000546.5,0.91,
SDSS J124444.20+275329.5,0.98,F
SDSS J095730.65+233634.4,0.95,V
SDSS J104413.96+224334.6,0.98,Sh
SDSS J155116.49+114824.5,0.99,
SDSS J152622.88+172418.8,0.92,Sh
SDSS J150835.04+134013.8,0.98,F
SDSS J105242.42+165448.8,0.99,F
SDSS J114043.17+164336.5,0.96,C
SDSS J121602.89+175534.9,0.94,V
SDSS J130514.93+172820.5,0.9,F
SDSS J125112.89+045132.5,0.99,Sh
SDSS J111842.97-002142.0,0.96,
SDSS J131044.71+000155.5,0.98,V
SDSS J145117.26+152647.2,0.9,F
SDSS J152521.42+134349.2,0.97,F
SDSS J135208.76+160647.1,0.87,F
SDSS J105149.39+160001.5,0.97,F
SDSS J102346.35+604507.2,0.88,
SDSS J013820.82-095129.1,0.99,
SDSS J105454.33+100250.1,0.99,F
SDSS J094646.01+133147.5,0.99,Sh
SDSS J120155.45+064104.0,0.94,F
SDSS J115755.30+070701.9,0.91,V
SDSS J111856.19+001033.9,0.99,C
SDSS J212313.37+061009.6,0.96,
SDSS J105022.72+264405.9,0.99,C
SDSS J111844.37+213351.0,0.99,F
SDSS J103105.44+201840.4,0.88,F
SDSS J134054.61+214126.7,0.98,F
SDSS J133655.98+163634.5,0.99,Sh
SDSS J090531.51+560125.8,0.97,Sh
SDSS J133653.40+155804.2,0.98,F
SDSS J160032.86-000958.5,0.98,
SDSS J020710.43-090130.9,0.91,
SDSS J074700.94+341800.9,0.98,
SDSS J152145.69+230909.3,0.95,Sh
SDSS J150856.68+191724.8,0.97,F
SDSS J090127.82+211030.4,0.98,Sh
SDSS J091712.27+200913.5,0.99,F
SDSS J110209.41+260909.4,0.96,F
SDSS J111822.39+271207.5,0.99,F
SDSS J124305.35+274250.6,0.99,F
SDSS J090007.90+165526.4,0.95,Sh
SDSS J094100.56+195429.3,0.98,V
SDSS J100513.49+212721.4,0.99,V
SDSS J121757.16+250435.4,0.97,F
SDSS J160118.59+531646.1,0.95,
SDSS J162414.84+125121.0,0.92,
SDSS J101008.33+174128.7,0.97,F
SDSS J100939.06+141314.7,0.91,Sh
SDSS J094410.38+022437.1,0.89,F
SDSS J132327.45+062333.2,0.99,F
SDSS J140000.19+074553.6,0.97,Sh
SDSS J153901.88+074350.1,0.97,Sh
SDSS J163245.21+192542.6,0.89,
SDSS J154344.39+283117.0,0.98,
SDSS J144845.74+080602.8,0.98,F
SDSS J151930.20+051540.9,0.92,C
SDSS J170459.90+231008.5,0.85,
SDSS J152710.44+382140.1,0.98,C
SDSS J161818.58+313609.4,0.88,
SDSS J012830.30+000014.5,0.98,
SDSS J103158.76+143454.9,0.88,F
SDSS J104704.65+373339.5,0.95,Sh
SDSS J141732.14+043343.5,0.99,F
SDSS J083824.01+254516.2,0.94,Sh
SDSS J132155.31+352133.8,0.99,F
SDSS J134611.32+363548.5,0.98,F
SDSS J093658.11+311952.6,0.98,F
SDSS J161929.73+182849.1,0.99,
SDSS J123848.03+320529.3,0.98,Sh
SDSS J003156.76-110056.9,0.89,
SDSS J131426.12+301501.7,0.94,F
SDSS J160931.58+181508.9,0.95,
SDSS J153756.30+221613.2,0.97,V
SDSS J031303.11+002121.2,0.99,
SDSS J085352.84+215839.2,0.97,F
SDSS J114918.75+260717.7,0.98,F
SDSS J104702.58+263234.3,0.98,C
SDSS J112713.15+271541.5,0.95,F
SDSS J110222.86+265416.7,0.98,Sh
SDSS J100523.06+191618.7,0.97,V
SDSS J032249.91-003644.5,0.98,
SDSS J110814.70+282451.6,0.9,C
SDSS J113214.45+295621.0,0.97,V
SDSS J092940.34+225740.5,0.94,F
SDSS J133629.66+292442.5,0.95,F
SDSS J101102.87+230731.6,0.98,C
SDSS J110609.58+241550.4,0.97,F
SDSS J102725.86+202651.3,0.95,Sh
SDSS J112858.50+204458.6,0.98,F
SDSS J081111.26+104128.3,0.95,
SDSS J113654.21+040724.8,0.98,Sh
SDSS J160954.54+111607.8,0.98,
SDSS J162510.93+115246.8,0.89,
SDSS J140725.20+145510.3,0.98,F
SDSS J133629.99+155251.2,0.98,F
SDSS J113116.03+043908.7,0.98,Sh
SDSS J095011.31+161711.9,0.98,V
SDSS J133952.92+005024.0,0.99,F
SDSS J133015.66+072910.3,0.95,C
SDSS J231517.27+190230.3,0.88,
SDSS J105254.00-004058.0,0.99,
SDSS J023356.29+005525.4,0.94,
SDSS J014636.04-085944.3,0.99,
SDSS J171213.65+301004.2,0.97,
SDSS J082626.66+204753.2,0.97,Sh
SDSS J113245.44-004427.6,0.99,
SDSS J113051.31+550349.1,0.98,Sh
SDSS J134531.32+363318.1,0.99,F
SDSS J090214.15+352747.1,0.97,F
SDSS J133841.65+321830.7,0.96,F
SDSS J092914.80+264746.0,0.94,F
SDSS J161735.43+185254.6,0.99,
SDSS J162617.57+131129.9,0.95,
SDSS J102336.14+281847.9,0.94,Sh
SDSS J115829.01+273143.6,0.98,F
SDSS J120913.86+265237.0,0.86,Sh
SDSS J085301.95+180950.5,0.94,F
SDSS J100428.66+532609.6,0.98,F
SDSS J112612.53+271158.2,0.98,F
SDSS J120914.50+231305.3,0.98,F
SDSS J124151.37+233038.3,0.97,Sh
SDSS J151612.33+171004.7,0.99,F
SDSS J114255.97+230743.2,0.98,F
SDSS J120645.53+243626.5,0.96,Sh
SDSS J134140.60+231120.5,0.99,F
SDSS J114256.45+195758.3,0.99,F
SDSS J095703.24+153441.7,0.99,V
SDSS J081915.85+191847.6,0.95,
SDSS J160328.58+000210.7,0.98,
SDSS J171737.41+565612.8,0.98,
SDSS J091005.47+543449.1,0.98,V
SDSS J142538.08+013601.5,0.97,F
SDSS J141512.04+045219.4,0.98,Sh
SDSS J080204.20+271329.6,0.92,
SDSS J080044.36+371222.8,0.99,
SDSS J142533.98-030131.7,0.99,
SDSS J142533.22-010650.1,0.85,
SDSS J212021.10+101914.1,0.93,
SDSS J225312.81-102950.4,0.98,
SDSS J115417.05+552814.9,0.92,C
SDSS J074600.72+284158.6,0.98,
SDSS J082253.27+033416.3,0.99,V
SDSS J084337.28+051900.9,0.99,F
SDSS J114204.90+102303.2,0.98,F
SDSS J112754.90+472346.1,0.97,C
SDSS J102653.96+440024.3,0.98,F
SDSS J112735.50+472246.0,0.98,C
SDSS J144352.06+411404.1,0.88,Sh
SDSS J105800.28+115913.6,0.97,F
SDSS J140109.46+074208.1,0.99,F
SDSS J141308.22+083707.9,0.98,F
SDSS J170123.54+245009.0,0.89,
SDSS J153623.00+310723.1,0.92,Sh
SDSS J144350.14+113635.4,0.99,C
SDSS J152743.65+281403.3,0.96,F
SDSS J224229.89-002334.4,0.98,
SDSS J002703.83+002737.1,0.98,
SDSS J072555.43+404158.9,0.95,
SDSS J103619.58+132645.9,0.97,Sh
SDSS J124423.91+361546.6,0.98,F
SDSS J100332.01+334522.3,0.96,Sh
SDSS J143010.89+500234.1,0.92,Sh
SDSS J110828.56+333852.6,0.99,Sh
SDSS J160324.17+205328.4,0.95,
SDSS J132240.39+325322.7,0.99,C
SDSS J133040.35+325737.8,0.97,C
SDSS J100759.89+303215.8,0.97,F
SDSS J114845.24+354709.2,0.94,C
SDSS J114200.75+323250.7,0.98,C
SDSS J140034.22+251904.9,0.98,F
SDSS J012428.67+010819.3,0.99,
SDSS J080040.91+162023.3,0.95,
SDSS J092351.35+230434.9,0.98,F
SDSS J090351.96+203309.0,0.91,F
SDSS J162839.48+400725.4,0.99,
SDSS J114159.21+231025.7,0.93,F
SDSS J143724.73+214010.5,0.97,F
SDSS J102153.47+165904.5,0.96,F
SDSS J104429.21+182049.2,0.97,F
SDSS J135308.05+171920.9,0.94,F
SDSS J153950.69+141114.6,0.86,Sh
SDSS J161029.60+195715.3,0.87,
SDSS J023159.58+005436.1,0.99,
SDSS J022313.25-043101.5,0.98,
SDSS J080724.84+391140.0,0.89,
SDSS J002820.52-001304.3,0.97,
SDSS J160317.89+385032.1,0.96,
SDSS J154645.21+310040.4,0.95,
SDSS J102153.83+234017.4,0.97,F
SDSS J102853.89+195020.2,0.95,Sh
SDSS J082959.97+524149.8,0.96,V
SDSS J143042.33+015253.2,0.98,F
SDSS J110100.52+574702.9,0.95,C
SDSS J132226.12-022505.7,0.97,
SDSS J112854.77+151530.1,0.97,Sh
SDSS J135809.47+380306.7,0.99,C
SDSS J095245.68+185615.1,0.96,V
SDSS J090856.91+521548.3,0.96,C
SDSS J122413.99+445615.4,0.91,F
SDSS J145008.33+402628.7,0.96,Sh
SDSS J114441.60+355804.7,0.91,Sh
SDSS J104044.42+390427.5,0.97,F
SDSS J102546.26+134300.6,0.88,C
SDSS J144005.76+313006.4,0.94,Sh
SDSS J104310.13+390219.1,0.97,F
SDSS J104935.35+215845.2,0.98,F
SDSS J130116.46+650020.0,0.99,
SDSS J095318.34+360508.8,0.99,Sh
SDSS J141954.49+515340.3,0.92,Sh
SDSS J113630.49+265138.8,0.96,C
SDSS J144042.02+403939.0,0.91,V
SDSS J143758.75+412033.0,0.98,F
SDSS J081529.26+324139.7,0.87,
SDSS J090826.38+353755.1,0.86,Sh
SDSS J131946.27+474255.9,0.99,F
SDSS J113241.54+202619.1,0.87,F
SDSS J164514.84+220818.4,0.96,
SDSS J113913.91+335551.1,0.9,F
SDSS J114226.33+354846.4,0.94,F
SDSS J095744.42+364246.3,0.96,F
SDSS J133626.19+072210.5,0.88,C
SDSS J163833.45+453745.0,0.92,
SDSS J080406.16+094852.1,0.97,
SDSS J135725.03+172428.1,0.88,Sh
SDSS J081509.80+032753.6,0.93,
SDSS J112350.59+014403.4,0.9,Sh
SDSS J085156.80+641353.5,0.96,
SDSS J144624.09+481042.3,0.95,V
SDSS J140128.01+021631.5,0.95,Sh
SDSS J153315.84+272205.2,0.94,F
SDSS J031530.98-080454.9,0.96,
SDSS J103347.85+522216.5,0.98,C
SDSS J083818.43+333441.3,0.95,Sh
SDSS J083822.58+040018.3,0.95,F
SDSS J132255.42+080941.5,0.99,F
SDSS J121049.60+392822.1,0.87,F
SDSS J155022.71+185621.3,0.97,
SDSS J152746.95+144845.9,0.92,Sh
SDSS J104250.50+601945.1,0.99,
SDSS J095410.68+021713.9,0.97,F
SDSS J110158.99+451340.9,0.97,F
SDSS J102408.57+164430.8,0.95,Sh
SDSS J101138.29+083642.5,0.97,Sh
SDSS J110904.54+044633.4,0.93,Sh
SDSS J121836.48+512452.9,0.9,F
SDSS J120541.89+580259.8,0.92,F
SDSS J132859.25+450839.2,0.92,F
SDSS J142749.66+113337.3,0.97,F
SDSS J120132.53+285607.9,0.96,V
SDSS J154844.37+123355.8,0.94,
SDSS J142317.87+144732.2,0.97,Sh
SDSS J112155.28+562525.5,0.96,Sh
SDSS J105214.95+300328.3,0.95,F
SDSS J163456.89+254133.3,0.97,
SDSS J135729.63+060549.3,0.99,Sh
SDSS J162146.11+432120.7,0.9,
SDSS J151727.32+000709.8,0.94,F
SDSS J112418.64+003837.4,0.99,Sh
SDSS J080844.70+563532.4,0.96,
SDSS J135649.14+255457.2,0.87,C
SDSS J154500.35+022804.8,0.91,
SDSS J140126.66-024245.8,0.98,
SDSS J135219.63+133432.8,0.99,Sh
SDSS J102147.86+131228.1,0.88,F
SDSS J153835.17-013252.6,0.96,
SDSS J104636.44+520858.5,0.97,Sh
SDSS J090539.08+330024.6,0.97,C
SDSS J074638.51+262812.7,0.91,
SDSS J143020.16+230342.3,0.93,F
SDSS J113739.04+465713.7,0.94,V
SDSS J150138.80+102513.4,0.93,F
SDSS J123303.77+524212.6,0.95,Sh
SDSS J092054.48+280913.5,0.9,F
SDSS J081759.81+463414.7,0.96,
SDSS J105805.34+093006.8,0.96,C
SDSS J090951.96+394701.8,0.99,Sh
SDSS J104439.15+384534.4,0.98,C
SDSS J110009.91+102214.2,0.98,F
SDSS J121812.86+441023.7,0.99,C
SDSS J110026.57+095710.8,0.88,C
SDSS J114922.07+245618.4,0.98,Sh
SDSS J160127.80+422317.5,0.96,
SDSS J122139.17+405056.1,0.96,F
SDSS J161340.36+512543.7,0.99,
SDSS J031520.55+413644.8,0.96,
SDSS J110725.01+543127.1,0.92,Sh
SDSS J123651.17+453904.1,0.98,F
SDSS J085611.78+310755.2,0.98,Sh
SDSS J144904.89+164406.3,0.9,F
SDSS J133913.90+441503.5,0.93,F
SDSS J110759.56+365220.1,0.96,F
SDSS J133913.25+043724.0,0.98,C
SDSS J085235.62+522159.3,0.95,F
SDSS J142638.76+033017.9,0.95,V
SDSS J121655.58+082132.8,0.97,F
SDSS J075525.29+391109.8,0.97,
SDSS J122018.74+083158.9,0.93,V
SDSS J143807.50+362726.8,0.85,Sh
SDSS J150727.12+031209.8,0.91,F
SDSS J105603.64+142911.1,0.98,F
SDSS J151320.96+091835.7,0.97,C
SDSS J095412.60+340829.0,0.99,Sh
SDSS J101942.81+572524.4,0.98,C
SDSS J163308.06+260215.5,0.9,
SDSS J143337.20+355759.0,0.98,F
SDSS J125049.20+394837.6,0.97,F
SDSS J153834.79+063902.9,0.98,F
SDSS J111030.33+551011.6,0.88,F
SDSS J150127.70+274616.4,0.95,C
SDSS J153010.94+055018.5,0.99,V
SDSS J101818.77+280106.4,0.97,C
SDSS J120005.27+213848.9,0.99,C
SDSS J111716.06+195403.4,0.9,Sh
SDSS J151320.27+063704.9,0.92,C
SDSS J141212.71+155207.9,0.91,F
SDSS J140956.35-011424.1,0.99,
SDSS J075318.07+445157.5,0.85,
SDSS J075316.15+390300.5,0.97,
SDSS J102752.00+460022.9,0.97,Sh
SDSS J075826.76+440246.4,0.99,
SDSS J100126.52+364016.6,0.94,C
SDSS J090311.24+100907.1,0.97,F
SDSS J163526.43+464042.1,0.95,
SDSS J133442.50+623427.9,0.95,
SDSS J134105.20+050620.8,0.9,C
SDSS J094917.94+175045.0,0.97,F
SDSS J113836.50+051137.5,0.87,F
SDSS J162631.67+491052.8,0.98,
SDSS J153902.73+055027.0,0.98,Sh
SDSS J131258.27+311531.0,0.98,F
SDSS J114517.56+264602.6,0.98,F
SDSS J094453.64+225306.4,0.85,C
SDSS J092218.47+504442.1,0.94,F
SDSS J131115.31+532254.3,0.95,C
SDSS J012313.70-002307.0,0.95,
SDSS J160445.43+172654.3,0.87,
SDSS J122551.46+235345.2,0.91,F
SDSS J113839.37+034730.7,0.94,V
SDSS J132203.76+221610.1,0.98,F
SDSS J123140.88+035534.7,0.95,V
SDSS J092020.73+564712.2,0.99,F
SDSS J114726.09+434531.0,0.88,F
SDSS J084158.54+573530.9,0.9,F
SDSS J104614.87+000300.9,0.99,Sh
SDSS J163226.32+393103.9,0.93,
SDSS J132412.57+414910.9,0.96,Sh
SDSS J152708.77+102646.2,0.92,F
SDSS J085552.29+023127.4,0.96,F
SDSS J113840.01+551534.7,0.96,F
SDSS J115933.12+065053.5,0.88,Sh
SDSS J110306.47+502028.2,0.98,F
SDSS J163019.05+410607.4,0.94,
SDSS J154346.13+434601.9,1.0,
SDSS J143154.09+215618.3,0.98,Sh
SDSS J083605.55+253637.6,0.94,Sh
SDSS J102945.42+471705.4,0.98,C
SDSS J131719.79+203817.0,0.97,F
SDSS J133220.38+013400.7,0.99,V
SDSS J120806.61+522020.9,0.97,C
SDSS J101750.45+055148.9,0.91,F
SDSS J082332.66+212017.1,0.92,F
SDSS J075911.76+314828.3,0.86,
SDSS J102027.71+080243.0,0.98,F
SDSS J142342.38+340032.4,0.99,Sh
SDSS J075008.55+500243.1,0.93,
SDSS J162900.40+411703.3,0.95,
SDSS J130702.88+563158.4,0.96,F
SDSS J130606.41+212937.9,0.98,C
SDSS J140946.23+202918.2,0.97,Sh
SDSS J110623.94+453040.2,0.9,F
SDSS J142852.82+275003.8,0.96,F
SDSS J093630.85+482810.4,0.98,F
SDSS J104542.67+112039.0,0.93,F
SDSS J145551.53+493851.0,0.98,C
SDSS J123741.19+264227.5,0.89,Sh
SDSS J092756.99+185818.7,0.93,F
SDSS J135635.73+232135.9,0.97,F
SDSS J171512.78+574538.0,0.97,
SDSS J133058.82+111318.5,0.97,F
SDSS J094913.10+381149.5,0.98,F
SDSS J131320.98+060340.6,0.98,F
SDSS J092600.67+292841.3,0.85,F
SDSS J102703.94+160104.5,0.91,F
SDSS J032531.40-060744.0,0.93,
SDSS J150447.51+352159.8,0.95,F
SDSS J101721.33+534745.7,0.9,F
SDSS J100445.91+444220.7,0.96,F
SDSS J104108.94+103356.6,0.99,V
SDSS J104108.77+362222.1,0.93,Sh
SDSS J151320.80+023049.5,0.98,F
SDSS J163217.73+212218.3,0.97,
SDSS J104619.73+383445.8,0.98,F
SDSS J150850.70+065808.7,0.95,C
SDSS J075801.33+144209.4,0.98,
SDSS J164905.26+294531.6,0.95,
SDSS J144819.69+090702.1,0.98,C
SDSS J080758.11+051223.6,0.9,
SDSS J142451.30+381511.9,0.97,Sh
SDSS J130802.50+535609.1,0.94,C
SDSS J133659.24+333412.8,0.97,F
SDSS J130801.65+264555.3,0.94,Sh
SDSS J102251.01+044556.8,0.88,F
SDSS J110830.09+450750.8,0.93,F
SDSS J103207.56+214523.0,0.96,F
SDSS J172241.11+600038.4,0.98,
SDSS J132820.36+374109.9,0.99,F
SDSS J090139.96+162825.3,0.97,F
SDSS J104236.42+154457.2,0.93,F
SDSS J172243.80+620957.8,0.97,
SDSS J143845.90+283019.5,0.9,F
SDSS J141215.67+243948.1,0.94,C
SDSS J104839.18+214420.5,0.98,F
SDSS J115159.83+210630.3,0.99,C
SDSS J110531.34+185004.0,0.99,F
SDSS J133023.79-025415.6,0.96,
SDSS J095123.27+354520.3,0.98,Sh
SDSS J010116.60-103740.7,0.95,
SDSS J110419.32+460702.4,0.95,F
SDSS J143838.28+523452.1,0.93,C
SDSS J155631.55+060253.2,0.98,
SDSS J094440.33+392307.0,0.86,C
SDSS J114909.93+554157.0,0.94,F
SDSS J111037.44+041129.0,0.98,C
SDSS J093830.64+515917.7,0.85,F
SDSS J110032.51+020657.8,0.93,C
SDSS J104350.55+064546.6,0.99,F
SDSS J082942.47+150327.6,0.89,Sh
SDSS J161021.25+503312.3,0.98,
SDSS J131507.57+623117.2,0.98,
SDSS J081225.68+473233.3,0.99,
SDSS J101856.04+130926.8,0.96,F
SDSS J134812.56+072340.7,0.98,F
SDSS J135025.55+345529.1,0.99,V
SDSS J151934.52+012839.0,0.97,F
SDSS J120527.86+124210.4,0.98,F
SDSS J155943.46+033841.2,0.97,
SDSS J103228.23+395506.4,0.97,F
SDSS J103228.16+271014.2,0.93,Sh
SDSS J112816.39+005328.7,0.96,F
SDSS J205818.04-002019.5,0.99,
SDSS J111601.78+233303.1,0.99,F
SDSS J100639.06+155615.5,0.92,F
SDSS J080212.07+321854.2,0.98,
SDSS J114327.27+524240.0,0.95,F
SDSS J093724.55+483055.6,0.94,F
SDSS J151313.53+360911.2,0.94,F
SDSS J154331.66+171846.4,0.93,
SDSS J140741.94+653707.9,0.96,
SDSS J075524.66+265910.7,0.97,
SDSS J082501.33+133213.5,0.96,Sh
SDSS J111733.60+360350.6,0.99,F
SDSS J102633.65+470921.1,0.86,C
SDSS J125822.90+451622.0,0.94,F
SDSS J125524.84+521603.7,0.89,F
SDSS J101508.32+051436.0,0.94,V
SDSS J111028.86+074834.6,0.88,F
SDSS J213059.86-000002.1,0.96,
SDSS J121203.83+612926.1,0.91,
SDSS J160907.08+513548.5,0.92,
SDSS J102341.81+334626.3,0.96,Sh
SDSS J121755.99+182356.9,0.96,F
SDSS J142614.03+514111.6,0.86,F
SDSS J082457.53+295320.8,0.87,F
SDSS J084302.23+193543.6,0.97,Sh
SDSS J092336.49+020811.2,0.86,Sh
SDSS J162316.54+395511.5,0.96,
SDSS J110111.31+122829.1,0.99,Sh
SDSS J162250.77+374604.1,0.96,
SDSS J161301.62+371714.9,0.95,
SDSS J082927.35+301632.8,0.97,C
SDSS J162457.27+393152.4,0.99,
SDSS J161206.14+282955.9,0.99,
SDSS J114023.00+085134.5,0.96,C
SDSS J092024.48+373121.1,0.97,Sh
SDSS J150026.78+063655.9,0.93,F
SDSS J110649.55+574107.6,0.99,F
SDSS J160455.54+280956.7,0.89,
SDSS J130558.70+252756.4,0.88,F
SDSS J140808.50-014208.2,0.9,
SDSS J172625.82+583519.8,0.95,
SDSS J132310.52+430510.5,0.98,F
SDSS J215418.70+002119.4,0.99,
SDSS J131946.75+481223.7,0.97,Sh
SDSS J131045.51+240453.5,0.98,F
SDSS J095942.45+095707.1,0.98,F
SDSS J030700.01-064518.3,0.87,
SDSS J143616.85-012313.0,0.95,
SDSS J170840.51+594841.2,0.98,
SDSS J081511.40+480319.3,0.91,
SDSS J124656.08+363151.3,0.97,C
SDSS J093225.05+572858.4,0.98,Sh
SDSS J113340.53+615316.8,0.99,
SDSS J085537.27+075038.7,0.96,F
SDSS J125842.03+103659.4,0.96,Sh
SDSS J111628.06+291936.1,0.86,C
SDSS J104726.77+385610.9,0.99,C
SDSS J145056.23+245506.6,0.98,Sh
SDSS J143309.70+035647.9,0.95,C
SDSS J141848.49+105037.7,0.88,Sh
SDSS J145708.69+020203.6,0.99,F
SDSS J170128.22+634128.0,0.99,
SDSS J111832.54+232808.7,0.96,F
SDSS J160332.58+172845.9,0.89,
SDSS J152301.58-012049.8,0.94,
SDSS J153144.09-012241.7,0.91,
SDSS J220315.99+003415.9,0.98,
SDSS J145152.18+051444.3,0.95,Sh
SDSS J132232.47+544905.5,0.9,V
SDSS J150639.22+371707.2,0.98,Sh
SDSS J080158.33+094037.7,0.97,
SDSS J085843.26+124037.9,0.95,F
SDSS J130841.73+524627.3,0.86,F
SDSS J091321.62+452114.5,0.92,F
SDSS J074406.97+291457.3,0.94,
SDSS J112914.52+315541.7,0.98,Sh
SDSS J100357.71+141317.5,0.96,C
SDSS J163414.47+263413.1,0.87,
SDSS J160154.77+240903.2,0.99,
SDSS J160204.01+241233.8,0.92,
SDSS J160035.75+154108.2,0.99,
SDSS J111001.48+522313.6,0.99,F
SDSS J111104.89+575654.7,0.97,F
SDSS J083727.81+411852.6,0.88,Sh
SDSS J140225.38+511231.1,0.94,F
SDSS J082210.68+031605.0,0.96,V
SDSS J121418.07+593655.2,0.98,F
SDSS J142927.13+215016.8,0.95,F
SDSS J150551.61+511504.6,0.97,V
SDSS J132909.87+414346.2,0.98,F
SDSS J150753.32+104708.8,0.96,F
SDSS J003514.53+004145.5,0.97,
SDSS J084602.21+523159.0,0.93,Sh
SDSS J114612.35+103543.9,0.93,V
SDSS J083356.65+265821.5,0.97,V
SDSS J150204.02+421101.7,0.98,Sh
SDSS J161025.69+124928.0,0.98,
SDSS J130941.20+460123.9,0.92,Sh
SDSS J125348.60+293518.1,0.89,V
SDSS J135451.62+112044.2,0.96,F
SDSS J132409.48+065428.3,0.98,Sh
SDSS J140830.45+362943.3,0.98,Sh
SDSS J141133.91+082124.4,0.99,F
SDSS J022657.53-091558.6,0.96,
SDSS J152156.65+103402.9,0.97,V
SDSS J150549.80+314022.3,0.94,V
SDSS J074121.90+440037.6,0.97,
SDSS J102413.91+121329.6,0.95,F
SDSS J094041.63+115318.1,0.97,F
SDSS J235048.14+153904.2,0.92,
SDSS J141357.28+313355.2,0.98,Sh
SDSS J133457.27+340238.6,1.0,C
SDSS J133455.35+312336.5,0.97,F
SDSS J151137.00-001622.6,0.95,
SDSS J093652.39+030815.4,0.99,Sh
SDSS J002359.39+154613.5,0.99,
SDSS J160251.70+481124.0,0.97,
SDSS J133256.57-030139.6,0.95,
SDSS J172208.21+304137.9,0.97,
SDSS J105406.96+530147.3,0.96,F
SDSS J115455.34+524610.4,0.96,F
SDSS J104906.29+021326.9,0.99,Sh
SDSS J105409.43+564915.7,0.95,F
SDSS J095329.76+083046.0,0.93,V
SDSS J103001.38+505047.4,0.99,F
SDSS J172204.76+590647.4,0.99,
SDSS J113709.52+025020.3,0.96,F
SDSS J082319.61+292733.5,0.96,F
SDSS J115116.68+475805.9,0.96,C
SDSS J144145.31+382521.0,0.98,V
SDSS J142838.90+101217.8,0.89,F
SDSS J140437.94+113844.7,0.93,Sh
SDSS J151132.83+093645.0,0.96,F
SDSS J133256.10+071716.0,0.98,Sh
SDSS J122342.85+400228.0,0.96,F
SDSS J140446.77+082005.2,0.99,F
SDSS J134417.68+142903.8,0.98,Sh
SDSS J092505.25+643142.7,0.97,
SDSS J093753.57+665244.6,0.85,
SDSS J140536.11+085453.9,0.99,C
SDSS J145521.13+051752.1,0.98,V
SDSS J154440.27+045833.1,0.86,
SDSS J133037.05+411015.8,0.99,F
SDSS J164743.67+201548.3,0.98,
SDSS J150328.05+103600.3,0.95,Sh
SDSS J162744.01+250436.9,0.96,
SDSS J162848.76+233009.1,0.97,
SDSS J011415.79+004555.2,0.97,
SDSS J095627.83+700759.5,0.99,
SDSS J075454.46+535046.5,0.98,
SDSS J081347.00+580449.8,0.92,
SDSS J140043.62+315338.0,0.98,Sh
SDSS J093747.47+280747.5,0.97,F
SDSS J142644.17+271122.3,0.91,F
SDSS J140027.96+255951.3,0.89,F
SDSS J011324.47+154657.9,0.88,
SDSS J100353.70+221134.1,0.97,Sh
SDSS J164211.73+392719.5,0.99,
SDSS J142654.96+221520.5,0.99,Sh
SDSS J150331.06+144847.3,0.98,F
SDSS J145518.40+163253.7,0.96,C
SDSS J105659.31+181330.2,0.99,C
SDSS J153000.83+125921.4,0.99,V
SDSS J145852.98+142659.3,0.97,Sh
SDSS J152005.19+493006.0,0.98,F
SDSS J102112.70+080650.1,0.94,C
SDSS J093934.16+404006.0,0.98,F
SDSS J170631.19+353739.0,0.96,
SDSS J110552.84+423209.8,0.94,F
SDSS J105100.31+121714.5,0.89,F
SDSS J144139.92+364421.9,0.99,F
SDSS J141635.21+095907.9,0.92,Sh
SDSS J153908.88+322425.4,0.87,F
SDSS J162719.96+220419.4,0.9,
SDSS J162718.75+220202.6,0.87,
SDSS J012528.29+004411.7,0.88,
SDSS J020939.45-004506.1,0.9,
SDSS J110026.99+145200.9,0.94,Sh
SDSS J125431.87+383742.7,0.92,C
SDSS J130720.50+354718.9,0.98,F
SDSS J133018.78+323052.0,0.86,F
SDSS J125430.78+351748.7,0.95,F
SDSS J135034.46+292222.3,0.98,Sh
SDSS J132902.88+280229.2,0.9,Sh
SDSS J034749.58-010257.3,0.96,
SDSS J115940.15+263247.3,0.96,F
SDSS J122243.77+244913.7,0.99,F
SDSS J114153.64+230237.6,0.99,F
SDSS J130633.35+225101.4,0.9,Sh
SDSS J115052.70+211008.2,0.99,F
SDSS J110706.55+570414.0,0.97,C
SDSS J093430.03+163330.2,0.91,F
SDSS J120254.05+213840.7,0.99,C
SDSS J131404.57+472145.3,0.99,Sh
SDSS J131722.52+072354.9,0.98,C
SDSS J124453.75+101656.4,0.98,C
SDSS J153207.76+421301.1,0.91,F
SDSS J163137.26+221908.7,0.95,
SDSS J080541.59+552512.3,0.97,
SDSS J124727.84+403359.6,0.99,Sh
SDSS J111434.81+392922.4,0.88,Sh
SDSS J075426.96+161253.6,0.91,
SDSS J093907.96+340022.7,0.99,Sh
SDSS J163142.55+183902.0,0.85,
SDSS J154043.81+211746.4,0.97,
SDSS J132813.99+284009.2,0.97,F
SDSS J155426.85+183131.8,0.99,
SDSS J094749.01+234322.0,0.99,Sh
SDSS J084054.83+422839.7,0.98,F
SDSS J092633.71+212306.0,0.86,F
SDSS J095417.77+231714.9,0.97,V
SDSS J083606.55+151350.5,0.94,V
SDSS J162412.46+091251.2,0.91,
SDSS J120651.61+165931.3,0.92,F
SDSS J094223.36+143748.1,0.94,V
SDSS J111758.38+320034.2,0.98,F
SDSS J151422.21+221735.0,0.87,Sh
SDSS J140833.47+235205.7,0.97,F
SDSS J145711.19+194153.6,0.94,Sh
SDSS J011243.82+154228.1,0.99,
SDSS J023143.38+001736.4,0.96,
SDSS J091322.01+230441.9,0.93,F
SDSS J105118.51+223405.3,0.93,C
SDSS J091621.68+174337.9,0.99,F
SDSS J150546.32+143412.8,0.98,F
SDSS J155913.36+125843.4,0.99,
SDSS J113551.47+172652.4,0.97,Sh
SDSS J094041.25+134735.1,0.98,Sh
SDSS J103610.12+161251.6,0.97,F
SDSS J091630.57+130557.0,0.99,F
SDSS J080411.00+345122.7,0.99,
SDSS J140831.60-000737.3,0.98,
SDSS J115328.86+594156.7,0.99,F
SDSS J122553.81+451653.3,0.95,C
SDSS J111708.42+422811.8,0.94,F
SDSS J124423.08+101119.7,0.9,Sh
SDSS J132114.87+083021.5,0.97,Sh
SDSS J163930.80+211900.9,0.92,
SDSS J150528.50+430635.7,0.96,Sh
SDSS J094751.71+084950.8,0.99,F
SDSS J011653.59+000911.3,0.96,
SDSS J085255.97+273342.0,0.97,Sh
SDSS J103705.47+372837.7,0.97,F
SDSS J125218.74+360338.7,0.98,F
SDSS J110958.78+343039.2,0.99,F
SDSS J132113.04+311318.6,0.99,Sh
SDSS J143412.73+252804.9,0.99,F
SDSS J151231.48+190928.9,0.95,C
SDSS J134214.52+241808.2,0.99,V
SDSS J080739.58+150504.1,0.97,
SDSS J133121.82+253708.8,0.99,F
SDSS J130426.54+271815.5,0.97,F
SDSS J092058.59+184438.6,0.98,Sh
SDSS J102904.59+221245.7,0.91,Sh
SDSS J155414.18+412454.4,0.96,
SDSS J091543.24+151310.9,0.87,F
SDSS J105747.35+211400.4,0.97,Sh
SDSS J121525.12+191732.8,0.99,F
SDSS J155104.34+094357.3,0.98,
SDSS J151231.90+124930.3,0.98,F
SDSS J033500.39-003931.8,0.89,
SDSS J092706.61+093319.4,0.86,F
SDSS J122806.79+135442.3,0.98,F
SDSS J090843.72+305328.8,0.95,F
SDSS J100640.37+381007.9,0.97,F
SDSS J111152.18+453229.0,0.94,V
SDSS J113040.77+470105.8,0.99,F
SDSS J134653.84+113702.4,0.99,F
SDSS J122805.81+415215.8,0.9,V
SDSS J151314.17+080247.0,0.97,F
SDSS J130650.21+393109.4,0.93,C
SDSS J122026.54+092527.4,0.89,C
SDSS J143542.86+081802.1,0.99,F
SDSS J151310.85+081244.6,0.85,F
SDSS J154215.47+395901.4,0.99,
SDSS J131012.90+523103.2,0.96,F
SDSS J225906.17-001746.5,0.97,
SDSS J100249.23+130942.5,0.99,Sh
SDSS J130017.98+345638.5,0.97,F
SDSS J102901.26+293805.5,0.96,Sh
SDSS J111021.35+232453.8,0.97,F
SDSS J104443.66+235037.4,0.93,C
SDSS J073935.36+374505.4,0.91,
SDSS J145821.63+023248.9,0.96,F
SDSS J124632.86+421153.6,0.97,Sh
SDSS J152945.80+050054.4,0.99,F
SDSS J135450.82+140810.3,0.99,Sh
SDSS J120838.34+265727.6,0.95,Sh
SDSS J094545.15+174757.9,0.88,F
SDSS J113629.33+212557.7,0.98,F
SDSS J084413.94+220812.4,0.92,Sh
SDSS J084637.88+112555.7,0.91,F
SDSS J105630.87+053521.6,0.92,C
SDSS J221212.48+121218.6,0.93,
SDSS J140156.74+122249.7,0.94,F
SDSS J111945.30+062431.0,0.96,Sh
SDSS J145316.93+272328.1,0.99,F
SDSS J105631.05+003332.0,0.99,F
SDSS J082021.25+453203.6,0.93,F
SDSS J114253.92+000942.7,0.98,Sh
SDSS J225902.32+134848.6,0.91,
SDSS J153114.19+062620.5,0.99,Sh
SDSS J154758.96+383345.9,0.93,
SDSS J083628.30+225050.8,0.99,Sh
SDSS J091439.36+264158.4,0.99,V
SDSS J115306.87+350122.4,0.97,F
SDSS J113424.93+031501.4,0.97,F
SDSS J150330.69+104947.4,0.98,F
SDSS J131952.49+142325.1,0.99,F
SDSS J125053.08+352404.9,0.91,Sh
SDSS J142654.37+250141.6,0.98,F
SDSS J124119.81+573006.6,0.98,Sh
SDSS J135955.08+120319.2,0.97,C
SDSS J133716.97+095154.8,0.97,V
SDSS J155035.11+092127.7,0.85,
SDSS J121526.36+151449.8,0.99,F
SDSS J154116.25+220109.6,0.94,
SDSS J142924.10+241607.2,0.97,Sh
SDSS J101548.62+214452.5,0.95,F
SDSS J105455.29+174229.2,0.99,Sh
SDSS J034045.09-060522.1,0.93,
SDSS J151338.52+025342.3,0.89,C
SDSS J083516.38+442953.5,0.95,C
SDSS J151006.34-015521.7,0.99,
SDSS J221844.26-085834.0,0.91,
SDSS J111845.67+072936.3,0.99,F
SDSS J115300.85+452712.4,0.96,C
SDSS J144613.31+334047.2,0.99,V
SDSS J154515.41+294214.4,0.91,
SDSS J211927.35-002630.4,0.98,
SDSS J111820.75+534509.7,0.98,F
SDSS J132449.22+160841.6,0.92,F
SDSS J111849.55+003709.4,0.96,F
SDSS J124328.35+105225.8,0.96,Sh
SDSS J165047.87+285044.2,0.97,
SDSS J162430.82+281747.3,0.92,
SDSS J092215.69+172504.6,0.97,Sh
SDSS J113214.51-011810.8,0.99,
SDSS J121642.36+141640.0,0.92,F
SDSS J105047.32+501008.9,0.9,Sh
SDSS J132145.36+091454.4,0.98,Sh
SDSS J144249.58+084743.6,0.99,F
SDSS J003103.23-004632.3,0.91,
SDSS J101514.66+210634.0,0.98,Sh
SDSS J132250.58+514418.0,0.99,F
SDSS J212417.32+010142.1,0.91,
SDSS J155042.13+553638.3,0.99,
SDSS J212427.80-065923.3,0.9,
SDSS J101611.95+033902.0,0.85,F
SDSS J123432.34+060018.1,0.9,F
SDSS J131512.50+401108.2,0.94,F
SDSS J131615.95+301552.2,0.95,F
SDSS J103301.07+370753.1,0.96,Sh
SDSS J114241.23+214744.8,0.97,F
SDSS J103725.34+180404.1,0.98,Sh
SDSS J124737.81+043111.3,0.87,Sh
SDSS J104212.76+625900.8,0.96,
SDSS J112628.29+544714.0,0.97,F
SDSS J160928.70+284619.2,0.95,
SDSS J130310.05+135239.4,0.98,F
SDSS J120549.86+351045.9,0.94,Sh
SDSS J132025.62+303610.7,0.95,F
SDSS J084709.46+162041.9,0.92,Sh
SDSS J132026.31+235154.7,0.99,V
SDSS J103307.70+534317.0,0.86,F
SDSS J163501.68+330658.2,0.95,
SDSS J111820.88+222612.0,0.85,F
SDSS J131627.43+125701.1,0.99,F
SDSS J120739.32+400715.6,0.95,Sh
SDSS J160620.52+154047.0,0.93,
SDSS J100649.47+012726.3,0.96,F
SDSS J000002.09+155254.1,0.91,
SDSS J151038.48+483820.5,0.99,F
SDSS J144609.34+384717.5,0.99,Sh
SDSS J140256.41+064644.5,0.98,F
SDSS J152544.20+081825.0,0.93,C
SDSS J104918.80+384723.9,0.96,C
SDSS J161151.93+052423.7,0.99,
SDSS J150808.54+080306.0,0.99,C
SDSS J111210.63-005845.1,0.88,
SDSS J223013.21+001342.3,0.94,
SDSS J133410.53+335734.8,0.99,F
SDSS J085502.35+264031.2,0.97,Sh
SDSS J095135.32+002605.0,0.92,F
SDSS J132608.93+262837.7,0.97,F
SDSS J140311.31+221832.2,0.93,Sh
SDSS J150137.33+200521.6,0.85,F
SDSS J160436.93+095711.4,0.97,
SDSS J160431.86+120617.6,0.89,
SDSS J081248.26+273159.4,0.93,
SDSS J125125.64+035159.5,0.99,F
SDSS J145215.99+631834.7,0.98,
SDSS J161846.48+514025.5,0.85,
SDSS J140327.81+023143.7,0.98,Sh
SDSS J090755.90+421841.5,0.95,F
SDSS J101451.09+132019.3,0.97,Sh
SDSS J081224.39+404437.4,0.93,
SDSS J024607.47-001946.6,0.95,
SDSS J120249.80+392601.6,0.97,F
SDSS J151529.33+202008.5,0.98,Sh
SDSS J160123.11+161305.2,0.99,
SDSS J110450.89+183350.1,0.99,F
SDSS J121604.47+011049.5,0.99,Sh
SDSS J170716.25+344921.4,0.94,
SDSS J100840.40+584356.5,0.98,F
SDSS J102430.05+410057.4,0.98,F
SDSS J094050.51+265531.6,0.9,F
SDSS J144508.44+241310.2,0.97,F
SDSS J085958.30+174909.9,0.89,C
SDSS J082618.51+171243.7,0.99,F
SDSS J140712.56-010046.7,0.97,
SDSS J034806.08+001231.8,0.93,
SDSS J144447.06+624547.4,0.93,
SDSS J143221.93+584232.3,0.88,F
SDSS J084026.03+343529.7,0.96,Sh
SDSS J164000.94+321446.3,0.96,
SDSS J102147.94+380754.0,0.86,F
SDSS J165013.30+262223.6,0.99,
SDSS J111323.15+390409.5,0.97,Sh
SDSS J150341.85+265331.6,0.94,Sh
SDSS J144449.51+243238.7,0.93,F
SDSS J131856.62+343325.6,0.97,Sh
SDSS J160254.71+152008.5,0.94,
SDSS J144352.34+162827.2,0.98,C
SDSS J101659.63+150054.5,0.91,F
SDSS J093631.88+592354.2,0.99,Sh
SDSS J221726.01-090705.9,0.96,
SDSS J151141.28+050618.4,0.99,F
SDSS J102446.58+482623.2,0.95,Sh
SDSS J122445.19+513218.7,0.86,V
SDSS J144922.02+094030.6,0.93,F
SDSS J084648.48+310404.4,0.97,F
SDSS J142554.90+113834.1,0.98,Sh
SDSS J154701.36+303159.4,0.97,
SDSS J160558.62+223756.1,0.86,
SDSS J004110.86+003917.9,0.97,
SDSS J104617.35+292134.9,0.99,Sh
SDSS J115948.55+293826.4,0.99,F
SDSS J132730.85+192026.1,0.99,Sh
SDSS J150847.57+132325.7,0.99,Sh
SDSS J130206.61+654745.3,0.96,
SDSS J141658.36+013825.5,0.98,F
SDSS J231915.69+135406.9,0.99,
SDSS J095438.42+393236.0,0.9,F
SDSS J153218.18+054041.5,0.97,F
SDSS J150815.92+064757.7,0.91,C
SDSS J102910.55+331624.9,0.97,Sh
SDSS J135806.11+282521.6,0.99,Sh
SDSS J150524.56+162419.1,0.88,F
SDSS J132109.07+590605.2,0.91,F
SDSS J104005.97+555638.9,0.98,V
SDSS J105734.24+502036.8,0.98,Sh
SDSS J095015.00+455726.4,0.92,F
SDSS J102733.45+455350.4,0.94,F
SDSS J120644.50+582727.4,0.98,F
SDSS J152305.12+184714.0,0.94,F
SDSS J104823.65+273330.9,0.98,F
SDSS J093016.61+212150.7,0.98,F
SDSS J112146.64+222850.9,0.98,Sh
SDSS J115156.23+234841.5,0.98,F
SDSS J114352.86+154007.5,0.96,F
SDSS J115046.94+430151.7,0.98,F
SDSS J145143.38+241404.9,0.96,C
SDSS J142416.99+312454.2,0.86,V
SDSS J031408.00-061722.7,0.96,
SDSS J121002.21+052116.0,0.98,V
SDSS J150541.97+604751.5,0.99,
SDSS J144516.71+155016.4,0.94,Sh
SDSS J103107.02+480053.3,0.97,F
SDSS J115957.72+084709.5,0.99,C
SDSS J081828.56+555814.6,0.97,
SDSS J135501.72+443509.2,0.94,F
SDSS J132543.85+171552.7,0.96,C
SDSS J130017.81+272315.0,0.97,Sh
SDSS J110752.67+250715.0,0.95,V
SDSS J150803.29+133946.6,0.96,F
SDSS J015433.69-082318.1,0.98,
SDSS J155523.64-001905.9,0.97,
SDSS J141939.10+060843.6,0.9,F
SDSS J075906.82+252033.3,0.98,
SDSS J163802.91+262710.0,0.86,
SDSS J130048.06+142854.4,0.95,V
SDSS J121924.59+180414.9,0.99,F
SDSS J082150.35+415235.8,0.91,Sh
SDSS J095649.27+135924.1,0.9,F
SDSS J081223.21+282423.9,0.98,
SDSS J153341.83+260824.1,0.99,C
SDSS J092037.11+263218.1,0.97,Sh
SDSS J124531.90+374924.7,0.99,Sh
SDSS J163135.52+135137.4,0.97,
SDSS J114359.62+002540.7,0.98,Sh
SDSS J041228.96-054403.3,0.97,
SDSS J005547.29-101815.8,0.89,
SDSS J140009.00+040450.8,0.97,Sh
SDSS J211545.82-010110.9,0.94,
SDSS J084542.66+194332.5,0.97,F
SDSS J124058.96+275813.3,0.94,Sh
SDSS J113406.08+182825.6,0.94,F
SDSS J134647.95+175418.8,0.99,C
SDSS J160239.77+121007.6,0.93,
SDSS J121648.93+490154.4,0.86,F
SDSS J114841.28+590314.4,0.98,Sh
SDSS J234413.61+004813.9,0.98,
SDSS J152745.68+373050.3,0.95,Sh
SDSS J112207.40+413646.0,0.96,F
SDSS J082347.59+303305.9,0.97,Sh
SDSS J085051.22+223735.5,0.96,F
SDSS J100846.17+272339.1,0.98,F
SDSS J102209.97+222128.9,0.87,Sh
SDSS J150036.75+173341.6,0.96,F
SDSS J080455.80+105048.2,0.95,
SDSS J082750.78+080538.1,0.97,Sh
SDSS J153454.10+474542.5,0.93,V
SDSS J145010.33+012300.5,0.98,Sh
SDSS J160250.16+534334.2,0.95,
SDSS J092225.27+471440.0,0.92,Sh
SDSS J134732.79+142406.0,0.96,F
SDSS J161611.90+203644.9,0.96,
SDSS J144940.42+173920.0,0.94,F
SDSS J113230.34+200921.6,0.98,F
SDSS J133727.87+062434.6,0.95,C
SDSS J142345.89+022439.8,0.99,C
SDSS J114109.84+114308.3,0.98,Sh
SDSS J135410.23+441248.2,0.97,F
SDSS J165722.11+182849.9,0.98,
SDSS J165142.71+192543.1,0.89,
SDSS J013931.76-000152.7,0.99,
SDSS J082811.63+172228.9,0.96,F
SDSS J141906.70+474514.8,0.98,C
SDSS J111815.63+035201.2,0.98,F
SDSS J101442.50+045705.0,0.94,F
SDSS J140913.21+592058.8,0.96,Sh
SDSS J023737.87-005420.7,0.97,
SDSS J131350.89+531950.9,0.86,Sh
SDSS J082831.44+262055.2,0.96,F
SDSS J122542.73+471948.1,0.87,C
SDSS J153616.23+055503.3,0.95,C
SDSS J152844.25+322446.3,0.94,F
SDSS J153619.72+092039.1,0.98,F
SDSS J144707.41+122648.8,0.97,C
SDSS J085416.77+271559.5,0.98,V
SDSS J163148.76+202438.7,0.88,
SDSS J103402.40+345210.2,1.0,F
SDSS J155304.91+203808.3,0.87,
SDSS J082346.83+541357.5,0.98,F
SDSS J081455.56+503945.5,0.88,
SDSS J115856.32+015141.1,0.96,Sh
SDSS J020844.49+004710.6,0.95,
SDSS J131259.92+431215.5,0.99,F
SDSS J141732.70+112854.4,0.92,Sh
SDSS J143111.44+361809.6,0.98,F
SDSS J110949.67+383032.3,0.92,Sh
SDSS J133742.19+275953.1,0.98,Sh
SDSS J151737.15+172943.8,0.99,F
SDSS J083153.41+161147.7,0.97,F
SDSS J111110.94+314355.9,0.87,F
SDSS J102835.07+035654.3,0.98,F
SDSS J214554.67+114041.8,0.85,
SDSS J091350.88+500952.4,0.92,C
SDSS J230003.66+130427.3,0.96,
SDSS J104044.61+450939.9,0.96,C
SDSS J161355.42+392007.5,0.9,
SDSS J125902.06+280656.3,0.98,Sh
SDSS J105840.98+180451.5,0.87,F
SDSS J125837.28+271035.8,0.99,C
SDSS J134058.98+030410.2,0.91,C
SDSS J120005.97+525124.9,0.99,F
SDSS J102406.95+221750.6,0.9,F
SDSS J121155.72+552937.1,0.94,F
SDSS J134056.13+114201.8,0.95,V
SDSS J025640.69-001444.3,0.97,
SDSS J100103.39+112741.1,0.9,F
SDSS J111035.18+371210.1,0.93,C
SDSS J124708.48+274735.7,0.86,C
SDSS J113851.47+205857.2,0.93,F
SDSS J111035.83+160242.5,0.93,Sh
SDSS J073607.32+270417.9,0.95,
SDSS J144041.66+132848.7,0.85,Sh
SDSS J134842.52+363051.8,0.96,F
SDSS J133552.67+331937.5,0.99,C
SDSS J115436.69+201028.7,0.85,Sh
SDSS J144204.87+150614.6,0.98,F
SDSS J120301.01-001728.1,0.95,
SDSS J120803.96+004151.2,0.97,F
SDSS J094851.97+363618.5,0.99,F
SDSS J131718.16+070220.0,0.98,F
SDSS J101317.85+342745.3,0.95,F
SDSS J151342.43+282942.4,0.87,Sh
SDSS J121124.67+345845.6,0.93,Sh
SDSS J013735.52-000806.7,0.94,
SDSS J133827.39+173935.0,0.91,Sh
SDSS J100049.96-000856.9,0.96,
SDSS J094710.77+560627.6,0.9,Sh
SDSS J133337.89+581811.9,0.98,Sh
SDSS J171827.45+280921.6,0.87,
SDSS J220855.33-080017.6,0.99,
SDSS J135929.94+455708.2,0.97,Sh
SDSS J102053.36+060922.2,0.95,F
SDSS J120900.73+224117.1,0.98,F
SDSS J124753.23+044942.0,0.94,V
SDSS J135933.26+001602.2,0.96,Sh
SDSS J115738.86+662435.0,0.96,
SDSS J112225.49+592254.2,0.98,C
SDSS J120057.86+592306.4,0.97,F
SDSS J114319.69+085754.4,0.89,C
SDSS J084019.80+274424.8,0.94,Sh
SDSS J114322.80+152650.7,0.99,F
SDSS J115753.77+283919.2,0.94,Sh
SDSS J121802.26+181941.8,0.98,Sh
SDSS J134638.95+550532.1,0.95,F
SDSS J144734.19+093909.4,0.97,F
SDSS J153555.83+084412.6,0.9,F
SDSS J093633.66+430951.4,0.95,F
SDSS J101404.46+500733.2,0.91,F
SDSS J150259.13+620914.8,0.99,
SDSS J115542.62+321120.0,0.98,Sh
SDSS J130957.15+305447.2,0.98,Sh
SDSS J085617.37+240854.0,0.86,V
SDSS J143442.11+031749.6,0.98,C
SDSS J081435.51+383301.2,0.98,
SDSS J131447.06+260624.1,0.94,F
