SDSS_name,NL_pred,env_label
SDSS J134554.23+021502.3,0.95,F
SDSS J131958.89+292538.7,0.93,Sh
SDSS J090842.74+174226.4,0.96,C
SDSS J121422.62+221112.7,0.99,F
SDSS J170251.86+222324.6,0.87,
SDSS J142912.16+125139.2,0.98,C
SDSS J090529.50+281005.3,0.98,Sh
SDSS J155706.13+200311.3,0.99,
SDSS J125519.99+275200.0,0.98,C
SDSS J104250.28+240354.2,0.94,C
SDSS J225426.53+011307.9,0.98,
SDSS J110112.61+164327.3,0.98,F
SDSS J085737.86+122946.9,0.98,F
SDSS J123652.95+400754.6,0.96,Sh
SDSS J084032.73+593920.3,0.91,F
SDSS J135547.69+142520.9,0.87,Sh
SDSS J152712.65+283657.0,0.9,C
SDSS J153437.48+204409.7,0.97,C
SDSS J170008.88+410139.3,0.94,
SDSS J113645.52+214236.2,0.87,F
SDSS J114222.21+160541.1,0.92,Sh
SDSS J165139.23+235820.2,0.97,
SDSS J125839.78+525849.5,0.97,C
SDSS J104908.91+405851.0,0.95,F
SDSS J105313.52+371745.0,0.86,F
SDSS J161220.36+230007.2,0.86,
SDSS J151010.97+073744.2,0.99,C
SDSS J154038.86+072615.3,0.91,
SDSS J145001.97+105954.6,0.96,F
SDSS J151053.64+205601.7,0.99,F
SDSS J102145.25+224100.9,0.86,C
SDSS J133538.02+061136.4,0.99,C
SDSS J133101.60+373346.4,0.91,Sh
SDSS J090804.98+271459.6,0.99,F
SDSS J144420.85+283303.5,0.96,V
SDSS J143027.21+304549.3,0.91,Sh
SDSS J163224.47+133354.5,0.88,
SDSS J162126.75+142827.0,0.89,
SDSS J122902.62+273825.8,0.87,F
SDSS J110728.74+034808.4,0.88,F
SDSS J115131.28+235146.2,0.98,F
SDSS J115223.51+035827.8,0.96,V
SDSS J154548.06+301208.7,0.93,
SDSS J122323.84+151018.7,0.99,F
SDSS J104311.02+371623.1,0.98,F
SDSS J150032.18+271323.2,0.95,Sh
SDSS J150653.77+245526.2,0.93,F
SDSS J144013.65+195603.1,0.98,C
SDSS J143854.74+214118.8,0.93,F
SDSS J113120.44+281204.4,0.86,F
SDSS J084206.24+304912.1,0.95,Sh
SDSS J074824.16+221303.7,0.97,
SDSS J082655.84+072501.1,0.99,Sh
SDSS J105435.07+110046.6,0.97,F
SDSS J121049.28+443045.3,0.99,F
SDSS J165554.36+245849.0,0.94,
SDSS J001509.48-002159.5,0.86,
SDSS J155819.59+042705.4,0.9,
SDSS J121053.16+363244.8,0.94,F
SDSS J082122.54+205437.9,0.91,Sh
SDSS J153507.84+220945.2,0.97,Sh
SDSS J154928.18+210202.8,0.94,
SDSS J113903.77+262142.2,0.99,F
SDSS J114936.69+202359.6,0.85,Sh
SDSS J121036.67+190058.2,0.96,Sh
SDSS J120432.51+201217.7,0.98,F
SDSS J083103.48+394919.7,0.94,Sh
SDSS J114603.06+192613.1,0.98,F
SDSS J140828.00+155515.3,0.97,F
SDSS J113350.44+200135.9,0.89,F
SDSS J152328.68+140826.2,0.98,F
SDSS J140736.97+160121.3,0.9,Sh
SDSS J013627.63-092843.0,0.98,
SDSS J210915.57+003124.4,0.99,
SDSS J124505.25+122646.9,0.95,Sh
SDSS J121203.17+145416.3,0.95,F
SDSS J110546.24+303137.4,0.99,Sh
SDSS J160614.26+182452.0,0.97,
SDSS J135556.15+245703.7,0.94,C
SDSS J154711.02+420323.5,0.89,
SDSS J011508.33+145403.4,0.91,
SDSS J093832.07+235327.3,0.99,V
SDSS J111037.80+284554.8,0.87,F
SDSS J142430.49+570815.6,0.88,Sh
SDSS J121202.59+221636.8,0.98,Sh
SDSS J102310.57+133245.8,0.98,F
SDSS J082033.24+200642.9,0.86,Sh
SDSS J160540.68+154717.0,0.97,
SDSS J213353.58-071046.8,0.9,
SDSS J080327.64+094235.8,0.9,
SDSS J140450.23+161654.0,0.99,F
SDSS J115458.04+043938.0,0.86,Sh
SDSS J222603.42+011216.7,0.99,
SDSS J032219.88+410853.0,0.97,
SDSS J104345.01+233915.8,0.92,F
SDSS J113115.42+205635.7,0.99,F
SDSS J114515.67+192331.5,0.97,C
SDSS J021803.84-082705.4,0.92,
SDSS J222047.32+141404.4,0.94,
SDSS J093844.50+344336.3,0.94,F
SDSS J093847.24+345501.5,0.87,C
SDSS J111526.75-001519.6,0.9,
SDSS J085031.69+001908.6,0.99,Sh
SDSS J165452.98+411213.7,0.99,
SDSS J094535.51+571424.3,0.97,F
SDSS J122805.20-013929.3,0.99,
SDSS J082900.52+390113.5,0.98,F
SDSS J121252.89+530239.5,0.94,F
SDSS J094347.47+002755.0,0.95,F
SDSS J115311.61+530814.0,0.95,F
SDSS J105812.25+073418.0,0.95,F
SDSS J105750.72+080238.1,0.96,F
SDSS J100557.07+551542.3,0.98,F
SDSS J132007.68+013301.2,0.95,F
SDSS J093245.32+333821.8,0.96,F
SDSS J131057.21+495135.1,0.89,Sh
SDSS J083024.89+514212.2,0.98,V
SDSS J120911.48+024332.1,0.87,V
SDSS J112626.09+025557.8,0.97,F
SDSS J123356.43+593429.9,0.98,Sh
SDSS J085705.65+400049.3,0.86,
SDSS J104516.11+495247.5,0.99,F
SDSS J142505.41+454729.0,0.92,Sh
SDSS J091058.79+075218.8,0.95,Sh
SDSS J143103.01+535818.3,0.91,F
SDSS J160130.42-001712.4,0.98,
SDSS J092209.74-003222.4,0.91,
SDSS J120733.37+640100.8,0.98,
SDSS J161314.88+485137.1,0.98,
SDSS J093249.25+622012.3,0.97,
SDSS J094913.51+011039.9,0.95,F
SDSS J090211.33+032944.1,0.95,F
SDSS J120734.79+602602.3,0.94,
SDSS J033857.32-000222.4,0.95,
SDSS J105609.61+472332.9,0.98,C
SDSS J231326.87+151236.3,0.94,
SDSS J093552.51+040100.5,0.85,Sh
SDSS J142056.54+035217.4,0.95,Sh
SDSS J150054.67+554543.9,0.98,F
SDSS J162643.46+435323.5,0.89,
SDSS J205641.65-004906.1,0.99,
SDSS J121319.98+505902.6,0.97,F
SDSS J162200.19+402652.3,0.98,
SDSS J094458.28+385711.3,0.91,Sh
SDSS J150058.90+502737.9,0.92,V
SDSS J153111.22+465756.0,0.94,C
SDSS J230931.06+150025.1,0.99,
SDSS J140525.26-004840.8,0.98,
SDSS J104804.38+652404.7,0.98,
SDSS J075647.50+455316.2,0.88,
SDSS J085340.72+013348.6,0.91,C
SDSS J114722.90+601801.6,0.98,
SDSS J103027.55+573919.8,0.94,C
SDSS J113223.25+545858.7,0.85,F
SDSS J144118.80+494252.2,0.87,Sh
SDSS J145426.63+531302.8,0.98,Sh
SDSS J080710.28+242321.2,0.87,
SDSS J110436.95+450730.7,0.95,F
SDSS J030817.66-080458.1,0.94,
SDSS J102043.33+651019.4,0.99,
SDSS J111112.52+030434.3,0.96,F
SDSS J154327.83+511852.9,0.87,
SDSS J141632.04-011055.7,0.95,
SDSS J091912.27+485804.0,0.98,F
SDSS J105505.92+493625.7,0.94,Sh
SDSS J081825.78+295734.3,0.91,
SDSS J121613.82+595841.8,0.93,F
SDSS J122000.88+560704.2,0.96,F
SDSS J112202.09+082337.8,0.95,F
SDSS J113418.77+541112.9,0.87,C
SDSS J160154.13-011309.2,0.93,
SDSS J160002.09+024348.0,0.97,
SDSS J162736.93+404015.8,0.97,
SDSS J000007.82-000226.0,0.97,
SDSS J112904.95+553251.8,0.88,F
SDSS J082825.87+250052.6,0.95,F
SDSS J124222.54+481955.2,0.86,
SDSS J134439.91+555938.2,0.93,F
SDSS J163603.51+454447.5,0.99,
SDSS J114829.71+051328.5,0.95,F
SDSS J151558.48+035957.0,0.97,C
SDSS J112450.83+600759.7,0.99,
SDSS J215224.51+123851.2,0.98,
SDSS J155650.85+454024.3,0.87,
SDSS J130531.80+501827.4,0.87,F
SDSS J120129.26+111206.9,0.98,Sh
SDSS J095145.09+031620.6,0.86,Sh
SDSS J140250.69+053816.2,0.97,C
SDSS J161217.01+360444.5,0.98,
SDSS J083812.04+544532.3,0.9,C
SDSS J162059.45+512751.4,0.98,
SDSS J041641.07+270514.3,0.98,
SDSS J121110.69+572819.0,0.99,F
SDSS J110131.33+075622.0,0.92,F
SDSS J101913.96+052705.2,0.92,F
SDSS J104549.34+435410.1,0.98,C
SDSS J110130.54+120747.5,0.91,F
SDSS J122532.61+080301.5,0.87,F
SDSS J023840.13+002903.2,0.9,
SDSS J080619.67+060014.9,0.99,
SDSS J123055.06+032930.7,0.95,Sh
SDSS J104807.50+001001.6,0.96,F
SDSS J111753.10+543848.7,0.87,V
SDSS J123055.30+090903.9,0.98,F
SDSS J110229.32+092849.0,0.98,F
SDSS J104440.71+440358.1,0.88,C
SDSS J083358.69+260624.4,0.94,F
SDSS J124830.73+504954.7,0.94,Sh
SDSS J003546.60+135248.1,0.91,
SDSS J091129.96+452805.8,0.93,F
SDSS J145626.28+480035.0,0.86,V
SDSS J145558.35+490607.6,0.98,C
SDSS J121227.96+390639.3,0.96,F
SDSS J100807.13+301942.5,0.98,F
SDSS J140253.49+085329.6,0.89,F
SDSS J151619.14+070944.4,0.92,C
SDSS J162647.29+330451.3,0.86,
SDSS J165220.04+235437.0,0.97,
SDSS J154951.84+304150.9,0.93,
SDSS J160433.46+235015.6,0.92,
SDSS J111133.86+025727.3,0.97,F
SDSS J104030.69+355326.9,0.94,F
SDSS J114533.81+343408.1,0.97,F
SDSS J114429.46+330321.2,0.93,Sh
SDSS J075617.10+143609.6,0.93,
SDSS J121322.18+283039.5,0.97,Sh
SDSS J105334.89+233534.4,0.95,Sh
SDSS J083513.68+475344.6,0.99,F
SDSS J091316.35+312130.4,0.91,V
SDSS J152503.24+481141.6,0.92,C
SDSS J141827.97+125259.0,0.9,Sh
SDSS J092206.20+035350.1,0.88,V
SDSS J160129.05+224745.3,0.93,
SDSS J094657.98+115213.8,0.9,Sh
SDSS J125509.24+391211.2,0.94,Sh
SDSS J093626.20+314814.5,0.99,F
SDSS J093630.99+271227.7,0.91,Sh
SDSS J154123.90+200231.4,0.89,
SDSS J142522.80+262755.3,0.95,F
SDSS J125856.09+282749.0,0.96,F
SDSS J134835.09+253949.2,0.98,C
SDSS J152505.22+195005.3,0.87,Sh
SDSS J091311.83+244121.8,0.93,Sh
SDSS J105306.02+283412.0,0.99,F
SDSS J113037.58+034523.8,0.99,F
SDSS J104347.40+103230.4,0.98,C
SDSS J144913.78+094226.4,0.99,C
SDSS J110528.50+374440.6,0.98,C
SDSS J134234.82+600742.6,0.98,
SDSS J122932.79+111255.9,0.95,Sh
SDSS J150228.76+285815.6,0.96,C
SDSS J013927.34+000219.5,0.94,
SDSS J103349.98+125242.0,0.97,V
SDSS J130510.15+152606.6,0.88,F
SDSS J121254.41+313052.3,0.85,Sh
SDSS J111308.07+275859.9,0.98,F
SDSS J131052.53+245155.3,0.94,F
SDSS J215122.17+111933.2,0.91,
SDSS J142637.19+112413.5,0.98,F
SDSS J120245.62+390546.5,0.89,C
SDSS J142437.52+345059.2,0.98,C
SDSS J161849.84+222719.1,0.95,
SDSS J151116.96+043834.4,0.98,C
SDSS J132125.68+144343.0,0.85,F
SDSS J133402.76+143614.8,0.89,F
SDSS J135323.67+230255.3,0.98,F
SDSS J105500.65+293235.8,0.97,Sh
SDSS J112202.06+255515.2,0.88,F
SDSS J145057.54+063600.1,0.93,F
SDSS J142554.66+163757.0,0.94,C
SDSS J145058.17+160622.8,0.97,F
SDSS J130052.56+403504.4,0.98,F
SDSS J011057.41+003803.2,0.98,
SDSS J094841.18+342300.5,0.95,F
SDSS J092759.45+261928.1,0.97,F
SDSS J151008.79+460616.8,0.95,Sh
SDSS J161555.31+151745.5,0.95,
SDSS J144345.20+181218.9,0.95,Sh
SDSS J145346.79+185735.7,0.96,C
SDSS J132507.20+155025.3,0.96,F
SDSS J153626.77+475117.3,0.99,V
SDSS J104124.18+130934.6,0.98,Sh
SDSS J163501.14+130646.2,0.97,
SDSS J162453.30+182313.8,0.9,
SDSS J094803.02+213751.9,0.99,F
SDSS J094759.57+215709.9,0.94,F
SDSS J125651.17+265355.9,0.99,C
SDSS J093731.01+193521.7,0.99,V
SDSS J120404.32+065430.5,0.89,F
SDSS J091015.47+490934.6,0.94,F
SDSS J095713.70+410616.4,0.95,Sh
SDSS J155534.07+423646.9,0.85,
SDSS J122059.60+460701.6,0.91,Sh
SDSS J142256.52+402501.7,0.98,F
SDSS J144153.00+104454.9,0.98,C
SDSS J145430.06+101910.2,0.87,Sh
SDSS J155012.01+355836.8,0.89,
SDSS J095534.17+683706.0,0.95,
SDSS J132451.67+133452.5,0.92,F
SDSS J125913.12+355119.2,0.87,F
SDSS J160640.88+171130.4,0.89,
SDSS J130528.82+400646.9,0.9,F
SDSS J111008.21+352520.9,0.9,Sh
SDSS J153825.24+241641.2,0.99,Sh
SDSS J163647.05+254827.0,0.98,
SDSS J123511.78+340719.9,0.97,F
SDSS J084610.13+192113.9,0.94,Sh
SDSS J114414.45+304615.8,0.97,Sh
SDSS J122955.01+310414.0,0.98,C
SDSS J122350.58+281158.1,0.95,F
SDSS J132804.05+215416.6,0.95,V
SDSS J114417.20+201323.9,0.96,C
SDSS J135417.62+192518.6,0.97,F
SDSS J105350.53+165059.2,0.86,F
SDSS J214033.78+045357.1,0.98,
SDSS J014308.10-085928.9,0.96,
SDSS J090140.93+110458.6,0.98,V
SDSS J103702.71+623131.5,0.99,
SDSS J132725.84+115048.7,0.96,C
SDSS J134738.44+032002.8,0.99,F
SDSS J214129.91+005340.8,0.96,
SDSS J230242.70+201916.9,0.97,
SDSS J113923.10+662114.3,0.92,
SDSS J120456.25+211425.7,0.86,C
SDSS J121317.80+213915.6,0.97,F
SDSS J115905.46+245920.2,0.99,Sh
SDSS J144322.25+010553.2,0.96,Sh
SDSS J114016.98+174340.3,0.88,Sh
SDSS J231004.72+301327.4,0.99,
SDSS J104351.09+212806.0,0.94,F
SDSS J150530.60+030514.6,0.97,F
SDSS J113523.13+201842.5,0.97,F
SDSS J085624.09+131056.1,0.86,V
SDSS J112513.26+322022.0,0.91,F
SDSS J140203.59+263749.3,0.89,Sh
SDSS J134704.57+245947.3,0.94,C
SDSS J140211.03+251935.3,0.92,F
SDSS J075209.95+380108.2,0.86,
SDSS J103737.70+255658.0,0.99,F
SDSS J080830.63+191230.4,0.87,
SDSS J092207.67+182002.8,0.92,C
SDSS J083307.60+093443.9,0.94,F
SDSS J102422.21+142937.0,0.95,C
SDSS J120551.26+242120.5,0.99,F
SDSS J085254.99+030908.4,0.87,V
SDSS J114505.89+202616.4,0.99,C
SDSS J120550.07+202837.1,0.96,C
SDSS J120248.44+204852.7,0.97,C
SDSS J140647.05+150229.2,0.99,Sh
SDSS J161625.06+271446.1,1.0,
SDSS J235706.40+295020.8,0.98,
SDSS J121953.70+392759.4,0.94,Sh
SDSS J110229.60+384311.8,0.99,F
SDSS J083401.42+221215.9,0.99,F
SDSS J154143.35+231213.3,0.91,
SDSS J130821.63+291342.3,0.98,C
SDSS J142805.10+254949.6,0.96,F
SDSS J151303.16+220233.4,0.95,F
SDSS J011002.51+133850.8,0.99,
SDSS J075654.19+143827.8,0.99,
SDSS J135813.12+173151.8,0.94,F
SDSS J111533.29+172944.1,0.94,F
SDSS J083408.75+115916.3,0.98,F
SDSS J215953.37+133447.4,0.95,
SDSS J091106.11+130717.8,0.97,F
SDSS J131523.60+125342.2,0.87,F
SDSS J102733.56+042800.3,0.92,Sh
SDSS J075322.75+361627.7,0.9,
SDSS J143052.86+031608.2,0.98,F
SDSS J095228.10+424908.8,0.98,F
SDSS J154903.97+023142.1,0.96,
SDSS J082201.90+042333.2,0.95,V
SDSS J125926.07+590106.4,0.88,F
SDSS J102733.39+095413.6,0.91,C
SDSS J164106.56+460014.6,0.88,
SDSS J112524.81+045447.8,0.99,F
SDSS J103429.71+594705.3,0.92,F
SDSS J103845.44+523921.6,0.98,Sh
SDSS J114807.65+550118.9,0.97,C
SDSS J113132.80+495127.0,0.87,Sh
SDSS J165638.51+270310.6,0.89,
SDSS J120844.22-003227.0,0.95,
SDSS J005450.89+151641.2,0.98,
SDSS J100932.57-001414.5,0.95,
SDSS J213337.41-070938.2,0.97,
SDSS J012358.45-094957.7,0.89,
SDSS J111334.94+600730.3,0.98,
SDSS J232326.69+140753.9,0.98,
SDSS J100654.66-011359.1,0.94,
SDSS J143619.10+033734.7,0.97,F
SDSS J163349.61+391547.5,0.96,
SDSS J121222.64+084636.1,0.94,Sh
SDSS J110037.27+102613.8,0.98,C
SDSS J101240.74+390615.1,0.92,C
SDSS J091345.39+345014.3,0.98,C
SDSS J101000.24+115459.6,0.86,F
SDSS J212536.30-071838.4,0.99,
SDSS J005247.40-101200.3,0.99,
SDSS J125146.18+610813.5,0.99,
SDSS J235129.12+140406.1,0.99,
SDSS J121722.45+533323.4,0.91,F
SDSS J151449.06+464045.7,0.86,V
SDSS J143422.06+552128.8,0.95,Sh
SDSS J172952.39+564934.6,0.98,
SDSS J033652.63+010153.0,0.97,
SDSS J092809.10+081412.4,0.92,Sh
SDSS J161427.78+295825.8,0.97,
SDSS J131208.85+451040.0,0.92,C
SDSS J114453.56+114459.2,0.98,F
SDSS J080701.66+454229.3,0.98,
SDSS J170222.42+610959.5,0.99,
SDSS J113109.68+671410.0,0.9,
SDSS J113515.94+013819.3,0.98,V
SDSS J112933.31+471250.1,0.91,F
SDSS J090311.17+450231.4,0.98,C
SDSS J130624.52+485744.4,0.98,F
SDSS J133031.70+582032.5,0.97,Sh
SDSS J122055.09+110031.9,0.98,Sh
SDSS J154015.94+472545.5,0.94,
SDSS J090640.15+063344.6,0.97,F
SDSS J140821.55+551805.3,0.86,C
SDSS J110759.60+024314.6,0.86,C
SDSS J074228.98+310555.8,0.87,
SDSS J101058.46-004813.9,0.92,
SDSS J160024.08+525358.3,0.98,
SDSS J114537.84+621413.5,0.95,
SDSS J095034.06+482906.5,0.99,F
SDSS J091820.49+410154.7,0.97,F
SDSS J102713.35+481441.1,0.86,F
SDSS J121618.74+094449.2,0.98,Sh
SDSS J110610.46+481604.0,0.95,F
SDSS J115012.48+533957.3,0.98,F
SDSS J110643.94+665109.5,0.98,
SDSS J104941.28+601735.7,0.93,
SDSS J133823.75+572002.0,0.95,F
SDSS J112944.39+054817.5,0.93,Sh
SDSS J133253.11-011531.1,0.98,
SDSS J142409.05+061127.5,0.87,F
SDSS J143318.50+064549.2,0.97,Sh
SDSS J230748.86-085700.7,0.99,
SDSS J075943.03+261114.5,0.97,
SDSS J142408.69+443343.0,0.97,V
SDSS J102359.78+062907.4,0.89,F
SDSS J135945.21-030257.6,0.91,
SDSS J172508.37+584552.9,0.96,
SDSS J090011.05+074333.9,0.96,Sh
SDSS J084002.36+294902.6,0.96,Sh
SDSS J100540.38+093512.4,0.93,F
SDSS J081341.07+220413.0,0.94,
SDSS J121752.43-002143.6,0.97,
SDSS J131408.61-002627.9,0.96,
SDSS J085025.48+552322.2,0.93,F
SDSS J073213.99+380848.6,0.99,
SDSS J132106.27+021658.5,0.85,V
SDSS J034626.96-063152.5,0.99,
SDSS J230911.62+132710.9,0.97,
SDSS J131408.25+621233.9,0.86,
SDSS J115644.26+620626.1,0.96,
SDSS J075201.44+440059.9,0.98,
SDSS J100514.38+463903.2,0.96,F
SDSS J105225.71+083327.3,0.97,F
SDSS J155823.96+545551.8,0.97,
SDSS J130210.14+032600.7,0.87,C
SDSS J013126.64+141639.0,0.91,
SDSS J105149.13+034645.8,0.97,F
SDSS J171405.72+331820.9,0.96,
SDSS J152721.92+040035.5,0.99,C
SDSS J090146.31+383612.0,0.99,F
SDSS J110102.71+445317.7,0.96,Sh
SDSS J150557.07+381640.0,0.9,Sh
SDSS J133229.65+124902.6,0.99,F
SDSS J163041.34+443048.5,0.88,
SDSS J133706.47+002204.7,0.95,F
SDSS J012315.84-090141.2,0.98,
SDSS J104827.34+044931.7,0.9,F
SDSS J143710.58+040354.2,0.97,C
SDSS J120925.95+603111.3,0.99,
SDSS J163035.42+403724.2,0.92,
SDSS J092401.09+051233.8,0.86,Sh
SDSS J093152.15+073450.7,0.98,Sh
SDSS J152601.90+484111.0,0.96,C
SDSS J084133.31+323841.9,0.98,V
SDSS J123012.09+564207.6,0.98,F
SDSS J122450.66+451542.8,0.95,C
SDSS J122448.40+120106.6,0.98,F
SDSS J120926.71+404954.6,0.98,F
SDSS J121731.19-004834.4,0.89,
SDSS J121644.08-032548.9,0.96,
SDSS J220141.63+115124.4,0.92,
SDSS J145323.39+025759.4,0.97,C
SDSS J154317.86+020442.5,0.96,
SDSS J170714.03+343415.6,0.98,
SDSS J133733.09+610150.5,0.98,
SDSS J110321.25+065519.3,0.97,Sh
SDSS J133812.14+522546.2,0.98,Sh
SDSS J105619.71+434517.6,0.88,F
SDSS J154254.60+063455.7,0.88,
SDSS J084227.27-000842.6,0.88,
SDSS J120120.28+023125.9,0.97,F
SDSS J152345.37+031448.7,0.88,F
SDSS J090836.85+531538.2,0.99,C
SDSS J013006.17+131702.0,0.96,
SDSS J083909.27+450747.7,0.96,F
SDSS J163722.63+442049.6,0.96,
SDSS J130522.93+043843.3,0.89,C
SDSS J161147.09+501255.5,0.93,
SDSS J084231.36+402831.2,0.96,F
SDSS J002910.42-000949.6,0.91,
SDSS J112920.68+083608.4,0.93,Sh
SDSS J223251.87-075813.4,0.97,
SDSS J083909.65+072431.5,0.99,F
SDSS J110106.44+430433.9,0.95,F
SDSS J120310.16+413737.8,0.9,C
SDSS J013838.48+004429.4,0.88,
SDSS J152338.99+374825.4,0.99,V
SDSS J144029.37+003502.7,0.91,Sh
SDSS J015529.59-095940.7,0.98,
SDSS J112208.13+044134.1,0.99,Sh
SDSS J111529.13+552722.3,0.98,Sh
SDSS J101418.44+063046.4,0.88,F
SDSS J103154.37+064655.9,0.96,F
SDSS J102553.05+091915.8,0.93,C
SDSS J090829.89+353654.1,0.97,C
SDSS J094421.13+394959.4,0.86,C
SDSS J132329.23+490047.7,0.91,Sh
SDSS J112745.95+060839.1,0.92,V
SDSS J122901.54+083837.7,0.96,C
SDSS J162109.60+210429.8,0.89,
SDSS J141538.37+362230.2,0.97,Sh
SDSS J125953.78+524554.3,0.99,Sh
SDSS J113726.41+262722.3,0.97,F
SDSS J122841.26+264754.1,0.98,F
SDSS J090911.50+005007.5,0.92,Sh
SDSS J033312.96-073258.4,0.88,
SDSS J033329.45-065148.2,0.93,
SDSS J004205.02-093203.9,0.98,
SDSS J095702.62-011430.0,0.95,
SDSS J162618.75+432426.8,0.99,
SDSS J215058.68-004848.9,0.99,
SDSS J024654.19-003354.7,0.91,
SDSS J114908.62+533854.6,0.97,C
SDSS J134137.53+541105.5,0.98,F
SDSS J082959.06+304340.1,0.91,C
SDSS J081213.40+261602.7,0.98,
SDSS J123614.76+475319.1,0.96,Sh
SDSS J133839.93+552700.5,0.91,Sh
SDSS J140331.24+091315.3,0.97,F
SDSS J131032.18+110121.0,0.97,Sh
SDSS J130407.08+432728.1,0.98,F
SDSS J151040.44+311410.6,0.98,F
SDSS J131036.24+394702.3,0.96,Sh
SDSS J125707.53+085232.5,0.98,Sh
SDSS J152414.99+383815.9,0.96,Sh
SDSS J082139.47+592454.1,0.98,Sh
SDSS J112523.71+360807.3,0.9,F
SDSS J121744.83+372358.9,0.99,Sh
SDSS J101432.41+304320.4,0.97,Sh
SDSS J155327.84+171824.5,0.99,
SDSS J114243.76+085827.4,0.94,F
SDSS J100652.50+140443.0,0.96,C
SDSS J144901.34+515833.5,0.92,F
SDSS J122426.74+131400.3,0.91,F
SDSS J135244.10+004809.7,0.89,V
SDSS J221217.38+001605.4,0.89,
SDSS J030749.48-004700.3,0.97,
SDSS J233025.66+000924.1,0.98,
SDSS J085855.36+624453.5,0.96,
SDSS J105547.40+145156.0,0.97,F
SDSS J145812.45+245000.8,0.9,C
SDSS J033350.76-010030.1,0.95,
SDSS J111024.88+284229.4,0.89,F
SDSS J111410.17+271420.1,0.94,F
SDSS J145632.29+093212.7,0.9,C
SDSS J153336.74+082507.6,0.99,F
SDSS J130305.82+381852.0,0.94,Sh
SDSS J105018.93+375938.1,0.96,F
SDSS J160641.84+084437.0,0.95,
SDSS J031133.38-004434.4,0.96,
SDSS J092811.28+301351.4,0.96,F
SDSS J094029.95+112941.7,0.97,Sh
SDSS J130302.64+155138.3,0.94,F
SDSS J114449.43+334831.5,0.98,C
SDSS J153335.70+210905.1,0.87,V
SDSS J095734.56+253145.4,0.99,Sh
SDSS J124307.28+111243.1,0.96,Sh
SDSS J100531.47+394051.3,0.99,F
SDSS J024438.20-081850.6,0.87,
SDSS J161647.50+205632.7,0.85,
SDSS J145753.73+261719.8,0.98,F
SDSS J161653.91+345557.1,0.99,
SDSS J152519.02+403930.5,0.99,F
SDSS J162944.05+232110.3,0.96,
SDSS J081544.29+550336.1,0.96,
SDSS J091732.26+195123.1,0.94,F
SDSS J103221.59+200410.1,0.97,F
SDSS J133229.82+223607.4,0.88,Sh
SDSS J085603.97+132519.2,0.98,V
SDSS J110457.09+372213.5,0.97,F
SDSS J131451.02+380215.9,0.99,Sh
SDSS J122514.24+160713.1,0.92,Sh
SDSS J132341.57+313846.7,0.93,F
SDSS J131958.31+281449.3,0.99,F
SDSS J083650.11+441610.6,0.96,V
SDSS J091417.69+221631.4,0.98,F
SDSS J075545.91+130026.7,0.93,
SDSS J110451.57+252804.9,0.96,Sh
SDSS J113108.36+260245.1,0.88,F
SDSS J105646.55+232551.9,0.96,Sh
SDSS J111655.40+210859.3,0.94,F
SDSS J115349.88+211309.1,0.95,C
SDSS J121441.44+235110.4,0.96,C
SDSS J125631.28+184730.1,0.99,F
SDSS J104423.04+182916.0,0.94,F
SDSS J121815.21+200039.9,0.99,Sh
SDSS J140755.32+070228.9,0.98,F
SDSS J170758.22+344906.7,0.98,
SDSS J010723.22+004018.8,0.98,
SDSS J094139.96+682258.0,0.94,
SDSS J154719.55+213152.0,0.98,
SDSS J012513.25+145220.9,0.85,
SDSS J162345.54+130006.9,0.98,
SDSS J103548.22+170843.2,0.98,Sh
SDSS J150719.25+392645.8,0.96,Sh
SDSS J145341.99+103431.9,0.85,C
SDSS J143330.14+343340.4,0.97,F
SDSS J084128.25+251404.0,0.93,F
SDSS J131205.20+375112.5,0.98,F
SDSS J153547.57+432107.1,0.95,F
SDSS J110610.76+313654.9,0.88,C
SDSS J160029.17+185106.9,0.87,
SDSS J120208.36+174124.8,0.89,F
SDSS J113439.15+000729.1,0.96,Sh
SDSS J104738.34+385526.7,0.97,C
SDSS J122732.18+075747.7,0.98,V
SDSS J141714.08+075624.8,0.96,C
SDSS J074655.25+182856.5,0.95,
SDSS J135508.20+283014.1,0.9,F
SDSS J104940.46+193520.5,0.98,Sh
SDSS J160445.60+343711.6,0.99,
SDSS J143635.21+115618.2,0.98,F
SDSS J081044.15+214917.7,0.91,
SDSS J104536.32+274937.4,0.89,F
SDSS J080903.95+112113.8,0.97,
SDSS J130143.28+191806.9,0.95,C
SDSS J155140.70+115933.6,0.98,
SDSS J133752.61+154316.6,0.92,F
SDSS J000851.19-090354.8,0.99,
SDSS J083032.70+425928.1,0.87,F
SDSS J012134.83+333601.3,0.96,
SDSS J142006.89+245117.6,0.9,C
SDSS J092628.27+220510.7,0.91,F
SDSS J092629.06+214530.2,0.97,Sh
SDSS J094716.11+220522.1,0.99,F
SDSS J211621.97+010505.5,0.97,
SDSS J145003.72+000550.9,0.93,Sh
SDSS J115613.11+050059.2,0.97,F
SDSS J093811.89+160330.3,0.97,F
SDSS J094134.96+132246.8,0.94,Sh
SDSS J112049.29+002324.6,0.99,F
SDSS J113833.27-011104.1,0.87,
SDSS J115816.58+241856.7,0.98,F
SDSS J114938.40-033029.5,0.97,
SDSS J134759.11+190316.4,0.86,F
SDSS J082510.35+183457.5,0.97,Sh
SDSS J122321.87+663551.0,0.87,
SDSS J093709.25+195009.4,0.99,F
SDSS J113957.26+200013.3,0.96,F
SDSS J144650.18+135053.2,0.99,F
SDSS J120144.31+175355.9,0.86,C
SDSS J113954.15+175255.3,0.96,V
SDSS J124303.00-011657.8,0.95,
SDSS J105225.96+103250.2,0.99,F
SDSS J094100.10+065610.0,0.92,Sh
SDSS J153905.16+053416.5,0.99,V
SDSS J112006.41+351546.0,0.85,F
SDSS J124058.08+275852.2,0.88,F
SDSS J101550.49+203902.7,0.92,F
SDSS J152704.79+131040.1,0.99,F
SDSS J125510.66+641552.3,0.96,
SDSS J121943.88+285146.1,0.99,C
SDSS J114943.17+602216.5,0.99,
SDSS J113213.42+235616.0,0.94,F
SDSS J134630.60+224221.6,0.98,C
SDSS J101101.90+155847.2,0.97,F
SDSS J124542.96+061928.3,0.98,Sh
SDSS J075218.36+180807.8,0.99,
SDSS J142847.42+134916.3,0.94,Sh
SDSS J103317.10+162425.4,0.87,Sh
SDSS J093658.58+144218.3,0.88,F
SDSS J231635.32+010046.0,0.98,
SDSS J115528.39+345758.0,0.89,F
SDSS J111344.75+275202.9,0.95,F
SDSS J100915.13+603706.7,0.92,
SDSS J080504.19+294321.7,0.85,
SDSS J110027.67+062409.1,0.95,F
SDSS J102653.20+622011.4,0.98,
SDSS J141509.57+045536.0,0.93,C
SDSS J235257.31+154244.8,0.97,
SDSS J154444.48+042807.8,0.93,
SDSS J133952.49+522311.5,0.85,Sh
SDSS J114549.39+564805.5,0.98,F
SDSS J112758.08+131102.0,0.91,Sh
SDSS J123622.72+133610.3,0.95,V
SDSS J114942.63+495548.8,0.93,Sh
SDSS J150347.94+345056.1,0.9,F
SDSS J120351.91+392245.7,0.97,C
SDSS J140106.73+343451.3,0.97,F
SDSS J104122.64+314650.4,0.86,F
SDSS J162838.23+393304.5,0.92,
SDSS J114548.36+325846.8,0.98,F
SDSS J160316.27+174747.2,0.97,
SDSS J162842.26+400726.0,0.89,
SDSS J102706.52+214011.3,0.92,C
SDSS J114646.69+211617.3,0.99,C
SDSS J103620.67+210122.0,0.89,F
SDSS J121005.75+201256.1,0.88,F
SDSS J092926.68+132905.9,0.92,Sh
SDSS J171739.05+324215.4,0.97,
SDSS J225304.47+010840.0,0.97,
SDSS J111725.30+025810.9,0.96,F
SDSS J103700.68+284956.0,0.9,F
SDSS J092040.31+250628.1,0.89,F
SDSS J120351.30+200310.0,0.95,C
SDSS J154642.62+432220.9,0.98,
SDSS J115212.39+344738.7,0.97,F
SDSS J141759.54+250812.7,0.93,F
SDSS J085800.33+324830.5,0.95,C
SDSS J171447.55+613806.7,0.95,
SDSS J170936.41+340638.6,0.85,
SDSS J082959.77+310207.8,0.89,C
SDSS J164404.23+232351.8,0.97,
SDSS J112803.09+272309.7,0.9,C
SDSS J101232.10+200003.6,0.86,Sh
SDSS J100919.69+145927.3,0.97,C
SDSS J024703.63-003533.2,0.96,
SDSS J112046.58+595348.1,0.94,F
SDSS J135512.58+250117.1,0.98,F
SDSS J145008.11+173514.0,0.91,F
SDSS J104240.34+161731.9,0.99,Sh
SDSS J113052.16+013250.6,0.98,Sh
SDSS J105324.64+035335.0,0.97,Sh
SDSS J110321.21+065028.1,0.99,F
SDSS J145323.74+294155.2,0.98,F
SDSS J232337.22+002523.6,0.98,
SDSS J141630.38-022454.6,0.94,
SDSS J160915.70+254244.8,0.93,
SDSS J103519.20+641038.9,0.9,
SDSS J113630.75+474901.9,0.97,C
SDSS J080935.52+472028.5,0.99,
SDSS J080721.40+402353.9,0.97,
SDSS J151343.31+042143.6,0.98,C
SDSS J151346.61+214708.0,0.88,F
SDSS J160051.49+150904.5,0.94,
SDSS J141701.67+002837.4,0.95,F
SDSS J102158.90+645847.9,0.98,
SDSS J172801.42+573118.5,0.98,
SDSS J135322.20+363216.1,0.92,Sh
SDSS J134142.40+300731.4,0.95,C
SDSS J102903.34+194451.3,0.97,F
SDSS J163716.42+442505.6,0.93,
SDSS J164511.49+372627.9,0.92,
SDSS J152410.23+420407.3,0.96,F
SDSS J093316.71+335420.5,0.86,F
SDSS J113400.08+221837.7,0.97,F
SDSS J084316.82+515549.6,0.92,F
SDSS J113917.57+104533.8,0.92,F
SDSS J132657.33+261434.4,0.99,F
SDSS J113914.86+170837.1,0.97,F
SDSS J152516.39-014907.5,0.87,
SDSS J121121.15+443149.0,0.98,F
SDSS J164015.53+424124.1,0.93,
SDSS J153506.07+352034.4,0.98,Sh
SDSS J153504.83+232845.4,0.99,F
SDSS J121540.81+615323.5,0.93,
SDSS J163103.40+395018.6,0.85,
SDSS J163833.55+450831.0,0.92,
SDSS J103216.92+120321.8,0.91,C
SDSS J122532.63+073859.4,0.91,F
SDSS J144239.65+292048.1,0.94,Sh
SDSS J121018.25+262550.6,0.93,F
SDSS J095349.23+091137.6,0.98,F
SDSS J155238.28+092318.7,0.97,
SDSS J081516.77+090012.5,0.97,
SDSS J155855.79+024833.9,0.99,
SDSS J103736.19+053613.2,0.98,F
SDSS J144629.99+500130.7,0.99,F
SDSS J092115.56+101741.0,0.99,V
SDSS J110133.96+453913.9,0.96,Sh
SDSS J103952.47+205049.3,0.88,F
SDSS J082623.24+082525.5,0.95,Sh
SDSS J085629.23+294003.8,0.99,F
SDSS J103409.24+443005.4,0.98,C
SDSS J162926.70+293228.0,0.94,
SDSS J103412.02+132635.6,0.93,F
SDSS J135039.81+322052.7,0.99,F
SDSS J102409.13+170330.0,0.96,F
SDSS J114529.96+204048.6,0.85,V
SDSS J113517.70+505601.5,0.97,F
SDSS J124205.39+630645.4,0.92,
SDSS J144444.21+222616.9,0.93,F
SDSS J113653.04+211743.5,0.98,C
SDSS J090624.54+551418.5,0.99,F
SDSS J121826.75+045844.6,0.91,F
SDSS J133214.77+623436.1,0.94,
SDSS J093720.77+385335.2,0.98,Sh
SDSS J144708.75+501144.5,0.97,F
SDSS J113605.44+441406.3,0.97,F
SDSS J123727.30+415700.5,0.86,V
SDSS J105512.61+055145.3,0.87,V
SDSS J125631.16+383648.4,0.85,C
SDSS J112020.74+340546.4,0.98,C
SDSS J111811.57+302342.6,0.98,Sh
SDSS J155409.86+190622.3,0.96,
SDSS J141927.18+540601.0,0.99,F
SDSS J124258.84+395044.4,0.99,F
SDSS J115823.78-021638.5,0.99,
SDSS J115818.28-015731.6,0.99,
SDSS J104509.98+045640.1,0.99,F
SDSS J153348.91+210810.3,0.99,Sh
SDSS J143428.37+231812.9,0.98,F
SDSS J100242.89+040228.6,0.95,V
SDSS J091422.86+070612.9,0.94,C
SDSS J093807.38+280327.5,0.96,C
SDSS J144935.82+252252.7,0.99,F
SDSS J110804.65+264401.8,0.86,F
SDSS J094457.09+164226.8,0.98,V
SDSS J143407.62+080755.7,0.99,F
SDSS J144316.49+232207.3,0.92,F
SDSS J011208.63-002436.7,0.96,
SDSS J144619.57+322700.2,0.99,F
SDSS J144621.36+130115.5,0.9,F
SDSS J123301.80+565209.6,0.97,F
SDSS J080358.75+192151.2,0.98,
SDSS J111057.87+631849.5,0.94,
SDSS J144959.84+054324.9,0.92,Sh
SDSS J104638.88+085346.6,0.99,Sh
SDSS J115423.99+430509.8,0.92,F
SDSS J141921.31+350531.7,0.97,F
SDSS J094512.76+271507.1,0.96,F
SDSS J082127.82+122333.3,0.87,V
SDSS J155344.31+122233.7,0.99,
SDSS J090930.59+455708.4,0.98,F
SDSS J084046.53+365426.7,0.86,C
SDSS J100431.82+380021.7,0.98,F
SDSS J153308.02+443208.4,0.9,F
SDSS J151625.07+085047.1,0.92,C
SDSS J084241.76+524446.7,0.86,C
SDSS J115214.38+602040.9,0.98,
SDSS J155946.57+370214.2,0.86,
SDSS J150056.67+113102.6,0.97,F
SDSS J100547.32+142019.4,0.97,C
SDSS J105806.99+091910.7,0.98,C
SDSS J143922.54+170048.1,0.98,F
SDSS J101119.61+055347.5,0.96,F
SDSS J110912.93+313251.4,0.9,F
SDSS J100727.51+154521.8,0.97,F
SDSS J112407.56+005818.7,0.97,C
SDSS J171607.51+571417.7,0.96,
SDSS J090941.78+373605.6,0.99,C
SDSS J115353.44+552126.5,0.98,F
SDSS J095119.24+361039.4,0.87,C
SDSS J161541.09+350821.4,0.97,
SDSS J150530.92+305438.8,0.95,Sh
SDSS J144251.41+084531.9,1.0,F
SDSS J095548.14+120816.4,0.97,F
SDSS J150533.77+291607.0,0.93,Sh
SDSS J135951.88+234158.9,0.94,C
SDSS J115507.43+524527.1,0.95,F
SDSS J072954.29+372706.3,0.91,
SDSS J080248.05+294616.2,0.99,
SDSS J141015.14+532006.9,0.99,F
SDSS J020212.33-000602.2,0.98,
SDSS J120044.26+281943.0,0.98,C
SDSS J092030.57+514033.5,0.98,F
SDSS J131356.92+473758.6,0.97,F
SDSS J131357.97+454216.1,0.99,Sh
SDSS J102636.10+120224.6,0.95,C
SDSS J120926.15+440423.8,0.89,F
SDSS J114147.11+361532.3,0.97,F
SDSS J160121.20+161824.3,0.93,
SDSS J104454.17+021903.3,0.91,F
SDSS J110724.75+025417.0,0.91,C
SDSS J084655.07+482522.4,0.98,C
SDSS J152029.56+032548.3,0.98,C
SDSS J152940.58+302909.3,0.99,Sh
SDSS J161406.42+260735.6,0.96,
SDSS J152305.02+111441.7,0.96,F
SDSS J154245.88+245909.8,0.98,
SDSS J162520.33+372838.8,0.97,
SDSS J110820.32+320020.9,0.98,F
SDSS J131904.16+293834.8,0.97,C
SDSS J111105.57+262945.7,0.97,F
SDSS J110000.91+214235.2,0.91,F
SDSS J133548.24+025956.1,0.94,F
SDSS J140018.42+050242.2,0.96,V
SDSS J105651.48+593206.4,0.99,Sh
SDSS J162259.67+375656.7,1.0,
SDSS J144534.29+344159.4,0.95,F
SDSS J073548.83+401938.2,0.93,
SDSS J144036.77+215429.1,1.0,F
SDSS J082832.83+084401.6,0.94,Sh
SDSS J160237.93+411736.3,0.99,
SDSS J152134.73+073435.1,0.95,F
SDSS J143915.20+123703.7,0.98,F
SDSS J154036.63+283044.8,0.95,
SDSS J152548.81+194828.4,0.98,F
SDSS J161615.43+091818.8,0.94,
SDSS J080020.98+263648.8,0.96,
SDSS J080116.21+550233.5,0.99,
SDSS J162032.93+362148.5,0.96,
SDSS J103926.09+174951.7,0.99,Sh
SDSS J083129.27+483733.7,0.98,F
SDSS J110613.06+242119.4,0.87,Sh
SDSS J101246.60+651621.3,0.99,
SDSS J104139.53+632940.5,0.92,
SDSS J103137.45+040107.0,0.91,Sh
SDSS J075756.48+250939.1,0.97,
SDSS J153724.73+334020.4,0.89,F
SDSS J130054.99+070247.1,0.99,C
SDSS J142304.39+380832.3,0.93,Sh
SDSS J092434.66+633022.5,0.99,
SDSS J093800.20+295638.7,0.89,F
SDSS J084745.04+255549.4,0.93,F
SDSS J130058.37+273907.5,0.9,F
SDSS J092615.27+183257.1,0.98,Sh
SDSS J123408.47+192925.0,0.99,F
SDSS J120156.88+203728.8,0.91,C
SDSS J161958.87+102936.7,0.98,
SDSS J121138.99+171633.3,0.93,F
SDSS J152216.40+080254.4,0.98,F
SDSS J112941.42+281535.3,0.89,C
SDSS J120028.05+093656.2,0.96,F
SDSS J120029.79+115932.1,0.98,Sh
SDSS J124356.27+033659.2,0.99,C
SDSS J141212.72+083942.6,0.96,C
SDSS J151944.30+441918.6,0.86,Sh
SDSS J133318.92+110701.7,0.93,Sh
SDSS J152810.05+285033.0,0.94,C
SDSS J161346.03+225508.4,0.98,
SDSS J145758.08+110027.4,0.99,Sh
SDSS J155601.61+302502.6,0.98,
SDSS J131808.24+315736.4,0.98,F
SDSS J121922.75+202330.1,0.91,F
SDSS J124011.45+052242.0,0.95,F
SDSS J144639.63+551002.4,0.99,F
SDSS J095905.12+102140.0,0.93,F
SDSS J122126.61-031311.2,0.96,
SDSS J122126.62+114528.0,0.92,F
SDSS J145946.59+263712.7,0.96,Sh
SDSS J110731.60+004659.1,0.97,F
SDSS J102858.10+083117.8,0.93,F
SDSS J121422.04+560041.1,0.96,F
SDSS J154355.10+441821.4,0.98,
SDSS J143547.18+244510.3,0.98,Sh
SDSS J152207.82+135541.6,0.99,F
SDSS J095339.71+465515.8,0.91,Sh
SDSS J140232.32+393003.6,0.98,F
SDSS J120736.76+265914.8,0.85,F
SDSS J124516.32+101127.6,0.99,Sh
SDSS J084030.13+105158.8,0.99,F
SDSS J124515.48-012248.6,0.98,
SDSS J150654.66+563032.4,0.9,F
SDSS J162755.85+374926.9,0.98,
SDSS J130713.57+580806.0,0.96,F
SDSS J151828.26+073931.6,0.94,F
SDSS J160113.30+242853.9,0.91,
SDSS J021338.35-004302.2,1.0,
SDSS J104029.06+285310.0,0.87,Sh
SDSS J114501.35+304913.0,0.97,C
SDSS J133238.85+005213.7,0.96,Sh
SDSS J170343.81+354518.3,0.96,
SDSS J112531.95+592616.4,0.85,F
SDSS J112311.62+130703.7,0.91,Sh
SDSS J132937.86+375216.9,0.98,Sh
SDSS J093511.18+182715.4,0.96,F
SDSS J125905.29+273839.8,0.98,F
SDSS J113428.48+462138.0,0.99,F
SDSS J162332.74+390715.9,0.97,
SDSS J162154.64+253731.9,0.97,
SDSS J104615.87+510442.6,0.97,F
SDSS J085111.45+045250.1,0.97,F
SDSS J085110.50+275104.3,0.98,C
SDSS J145316.98+520239.2,0.89,F
SDSS J123543.75+431719.9,0.85,F
SDSS J021112.46-004933.3,0.93,
SDSS J083446.46+411247.7,0.94,C
SDSS J111518.18+272404.9,0.94,F
SDSS J103957.93+240528.4,0.94,F
SDSS J131347.66-000244.0,0.99,
SDSS J074729.34+311253.6,0.95,
SDSS J141254.21+250712.3,0.99,Sh
SDSS J110709.97+282532.2,0.98,F
SDSS J135316.70+211609.0,0.98,F
SDSS J115916.53+061118.4,0.95,F
SDSS J123936.99+004506.4,0.88,V
SDSS J102911.52+390653.5,0.91,Sh
SDSS J112904.41+265246.1,0.97,F
SDSS J125419.57+185630.5,0.97,Sh
SDSS J141544.13+141928.3,0.97,F
SDSS J150149.41+622906.4,0.87,
SDSS J102927.49+220028.5,0.97,F
SDSS J115219.92+210608.2,0.98,C
SDSS J004837.58+011451.5,0.98,
SDSS J102542.13+004546.8,0.95,C
SDSS J145123.70+093532.7,0.95,F
SDSS J143504.24+160653.1,0.98,F
SDSS J115124.84+083225.1,0.95,C
SDSS J120822.06+591851.3,0.96,F
SDSS J120818.94+553833.6,0.97,F
SDSS J085246.95+425005.6,0.99,Sh
SDSS J120514.72+381408.1,0.93,F
SDSS J075747.51+160148.8,0.95,
SDSS J125117.92+270622.1,0.97,F
SDSS J133724.84+272509.1,0.94,C
SDSS J132045.57+151532.7,0.97,F
SDSS J105907.06+100045.0,0.9,Sh
SDSS J105145.16+174523.6,0.95,F
SDSS J153512.47+050346.8,0.96,F
SDSS J122107.97+515347.0,0.96,F
SDSS J142439.57+210436.5,0.85,Sh
SDSS J111740.29+654459.8,0.97,
SDSS J151102.70+520300.0,0.98,F
SDSS J122043.33+505127.1,0.94,Sh
SDSS J153642.16+433221.5,0.89,C
SDSS J100131.31+120700.9,0.97,F
SDSS J095955.84+130237.7,0.95,F
SDSS J145012.36+302015.4,0.96,F
SDSS J092507.17+150109.4,0.98,Sh
SDSS J162328.05+391129.0,0.9,
SDSS J102310.80+182114.0,0.98,F
SDSS J132405.11+581711.6,0.99,Sh
SDSS J103439.86+545013.5,0.95,F
SDSS J085314.80+391022.3,0.93,F
SDSS J113543.71+490959.8,0.99,F
SDSS J130604.44+553921.7,0.99,F
SDSS J161152.05+434327.1,0.97,
SDSS J160943.06+302709.5,1.0,
SDSS J120617.36+324351.5,0.99,C
SDSS J161403.28+141655.6,0.91,
SDSS J104835.62+221459.1,0.92,F
SDSS J161525.19+260637.2,0.96,
SDSS J081735.00+205411.0,0.98,
SDSS J094155.86+541704.4,0.99,C
SDSS J142446.63+260822.7,0.97,C
SDSS J112609.44+032953.3,0.99,F
SDSS J132649.98+580635.2,0.92,C
SDSS J110628.17+541618.5,0.92,F
SDSS J102031.73+430117.7,0.94,F
SDSS J110624.18+350953.2,0.96,C
SDSS J154617.40+222216.9,0.97,
SDSS J144809.01+182808.0,0.88,C
SDSS J085647.70+392255.9,0.97,F
SDSS J081625.36+255928.8,0.93,
SDSS J101446.53+123547.2,0.96,Sh
SDSS J085647.65+295506.9,0.98,V
SDSS J115742.59+420457.0,0.92,F
SDSS J150430.52+430409.9,0.98,F
SDSS J112637.95+352523.3,0.96,C
SDSS J112633.29+302545.1,0.92,F
SDSS J161154.01+301958.0,0.97,
SDSS J095650.59+472520.7,0.98,F
SDSS J083809.62+194332.3,0.99,Sh
SDSS J084315.55+034126.5,0.94,F
SDSS J132831.91+122637.6,0.98,C
SDSS J091028.47+032221.2,0.87,Sh
SDSS J104357.17+233352.7,0.99,C
SDSS J154109.86-014222.2,0.88,
SDSS J153924.14+480837.3,0.93,Sh
SDSS J131321.45+512739.2,0.94,F
SDSS J093258.69+273000.2,0.95,F
SDSS J160614.83+181058.3,0.99,
SDSS J150350.92+220049.9,0.99,F
SDSS J085033.77+191441.6,0.95,V
SDSS J130126.12+275309.5,0.98,F
SDSS J120759.53+253305.6,0.99,Sh
SDSS J145134.31+104405.0,0.85,C
SDSS J095533.61+162558.2,0.93,Sh
SDSS J125549.00+275421.1,0.99,C
SDSS J100009.99+185851.1,0.93,F
SDSS J134902.15+254919.0,0.98,F
SDSS J110121.20+030225.8,0.9,C
SDSS J102039.41+000008.2,0.99,F
SDSS J151514.23+051123.4,0.95,F
SDSS J100447.55+065811.3,0.94,F
SDSS J105933.20+074103.6,0.97,C
SDSS J145046.51+542440.3,0.97,F
SDSS J151512.97+074648.0,0.96,C
SDSS J114444.89+331915.4,0.93,C
SDSS J102335.39+201705.6,0.95,F
SDSS J114448.40+235620.4,0.99,F
SDSS J143213.58+170145.4,0.98,F
SDSS J162700.28+090303.5,0.99,
SDSS J211936.44+004215.2,0.98,
SDSS J074916.29+293953.2,0.98,
SDSS J125707.95+093135.1,0.98,F
SDSS J105021.59+412750.5,0.97,F
SDSS J111428.39+413327.5,0.98,F
SDSS J151032.23+082744.7,0.98,C
SDSS J105024.16+381520.5,0.94,F
SDSS J125704.50+103714.5,0.99,F
SDSS J213741.44+005316.9,0.95,
SDSS J081324.01+542236.7,0.94,
SDSS J135404.64+133537.9,0.91,F
SDSS J131002.75+300236.1,0.98,F
SDSS J111429.14+283727.7,0.98,C
SDSS J135408.77+092445.8,0.91,F
SDSS J120431.51+280905.6,0.99,F
SDSS J113315.78+242648.8,0.97,F
SDSS J102431.05+185342.8,0.98,Sh
SDSS J110851.88+231746.8,0.92,Sh
SDSS J121600.04+124114.2,0.92,C
SDSS J153714.74+015413.7,0.87,F
SDSS J122004.82+074855.2,0.87,F
SDSS J130822.34+091854.4,0.92,F
SDSS J122558.55+042826.3,0.99,Sh
SDSS J163137.91+412937.0,0.96,
SDSS J084355.03+312749.8,0.94,C
SDSS J141153.81-000203.0,0.9,
SDSS J151309.60+075153.1,0.97,C
SDSS J132716.84+320150.5,0.94,F
SDSS J114741.75+304513.6,0.97,V
SDSS J103908.55+254707.0,0.97,F
SDSS J100734.13+001638.1,0.98,F
SDSS J125525.94+021352.4,0.93,F
SDSS J101439.55-004951.2,0.97,
SDSS J125530.57+551238.4,0.98,F
SDSS J161156.60+292716.3,0.89,
SDSS J130923.18+513040.6,0.96,C
SDSS J160709.30+303105.4,1.0,
SDSS J145413.84+123007.3,0.99,C
SDSS J133736.69+355857.8,0.98,F
SDSS J144330.80+111209.6,0.99,F
SDSS J115028.15+044141.8,0.99,C
SDSS J090215.35+462505.6,0.99,F
SDSS J103508.60+450504.7,0.89,F
SDSS J090218.85+634819.7,0.99,
SDSS J101633.27+220527.9,0.99,F
SDSS J122146.71+161953.0,0.93,Sh
SDSS J140204.79-012128.4,0.97,
SDSS J112240.54+120132.0,0.98,Sh
SDSS J082512.06+202005.0,0.9,F
SDSS J091131.92+230243.5,0.93,C
SDSS J102236.89+223543.1,0.87,F
SDSS J113420.05+024625.5,0.95,F
SDSS J075102.94+320448.8,0.91,
SDSS J125253.59+095921.2,0.96,Sh
SDSS J004215.87+005043.7,0.99,
SDSS J094718.43+120930.4,0.98,F
SDSS J143702.76+284626.5,0.97,F
SDSS J132259.87+270659.1,0.96,F
SDSS J134447.44+205846.5,0.98,F
SDSS J143605.46+190936.9,0.99,F
SDSS J023331.56+010823.6,0.98,
SDSS J084903.64+534457.6,0.92,F
SDSS J155306.11+524542.7,0.99,
SDSS J142125.11+351614.2,0.96,V
SDSS J112140.02+025750.3,0.94,Sh
SDSS J095926.18-001514.2,0.96,
SDSS J160216.63+425500.9,0.99,
SDSS J162722.10+390634.7,0.95,
SDSS J133003.89+121030.6,0.98,F
SDSS J162726.95+294717.7,0.96,
SDSS J103635.31+031425.1,0.95,Sh
SDSS J143654.60+464806.4,0.92,C
SDSS J143311.60+091232.0,0.96,C
SDSS J143653.66+182214.2,0.99,C
SDSS J135551.83+184603.3,0.86,F
SDSS J110345.92+184516.1,0.96,F
SDSS J075505.85+324343.1,0.98,
SDSS J083717.48+345224.0,0.9,F
SDSS J133504.33+535224.1,0.99,F
SDSS J130619.84+455224.1,0.95,F
SDSS J003935.79-091140.3,0.91,
SDSS J134036.25+301904.9,0.97,F
SDSS J141041.34+133328.7,0.98,Sh
SDSS J094607.16+325045.0,0.91,F
SDSS J160213.25+155615.0,0.97,
SDSS J090323.31+133038.3,0.85,F
SDSS J103351.36-003340.8,0.94,
SDSS J120453.28+015632.2,0.98,F
SDSS J075738.45+300635.1,0.94,
SDSS J142308.04+501316.9,0.99,Sh
SDSS J100213.50+111911.0,0.94,F
SDSS J141744.09+104354.4,0.92,F
SDSS J134624.37+294625.9,0.98,F
SDSS J142259.10+234739.6,0.99,C
SDSS J131000.30+194306.0,0.99,V
SDSS J015247.24+010619.9,0.98,
SDSS J152359.42+285431.7,0.99,C
SDSS J140524.03+235509.0,0.94,C
SDSS J122054.61+615934.4,0.99,
SDSS J162217.80+502219.1,0.99,
SDSS J143335.98+583229.1,0.96,F
SDSS J152153.11+483739.9,0.96,Sh
SDSS J110956.80+132728.8,0.95,Sh
SDSS J125724.11+401723.4,0.97,F
SDSS J133519.24+262529.1,0.96,F
SDSS J151553.85+030301.1,0.97,C
SDSS J170732.77+362703.7,0.96,
SDSS J162012.75+400906.1,0.99,
SDSS J110511.27+414429.1,0.97,F
SDSS J140201.05+054437.1,0.95,C
SDSS J221455.60+001629.5,0.93,
SDSS J114214.61+200552.1,0.98,F
SDSS J162021.51+495636.5,1.0,
SDSS J075640.36+445211.3,0.89,
SDSS J140919.79+551656.4,0.97,C
SDSS J131038.56+611623.7,0.98,
SDSS J103837.86+111303.3,0.89,C
SDSS J073107.09+412540.0,0.87,
SDSS J134814.78+244639.8,0.93,C
SDSS J153854.47+464019.4,0.99,F
SDSS J145211.03-001521.9,0.96,
SDSS J130933.13+014023.0,0.88,F
SDSS J111448.53+563441.1,0.89,Sh
SDSS J121708.03+515955.5,0.92,F
SDSS J135911.03+340419.2,0.98,F
SDSS J095042.50+302934.2,0.96,Sh
SDSS J124939.99+341518.3,0.88,F
SDSS J232944.33+001726.2,0.97,
SDSS J152637.12+591356.8,0.91,F
SDSS J083944.54+051339.5,0.96,F
SDSS J161711.62+495751.8,0.99,
SDSS J080239.02+344635.2,0.99,
SDSS J130240.42+514644.1,0.88,F
SDSS J023107.02-010618.6,0.95,
SDSS J012649.70-005830.9,0.85,
SDSS J122529.24+471623.5,0.96,F
SDSS J122940.89+312638.5,0.97,C
SDSS J150828.33+611901.8,0.98,
SDSS J095637.37+271539.0,0.98,F
SDSS J114331.21+193740.0,0.87,V
SDSS J150828.32+184325.0,0.94,F
SDSS J134212.21+562909.9,0.95,F
SDSS J115237.26+402254.1,0.92,Sh
SDSS J023025.35-002151.8,0.88,
SDSS J081601.96+575734.0,0.99,
SDSS J103608.42+345432.4,0.93,F
SDSS J124313.90+310505.8,0.88,F
SDSS J100355.24+544254.9,0.99,C
SDSS J123234.57+492312.2,0.98,C
SDSS J104414.07+105237.5,0.9,F
SDSS J132152.66+084031.6,0.98,F
SDSS J154053.39+094459.7,0.99,
SDSS J130754.81+340513.5,0.98,F
SDSS J135428.54+305445.3,0.97,C
SDSS J135428.95+234524.1,0.93,C
SDSS J102516.72+520314.4,0.87,F
SDSS J112139.10+601726.1,0.98,
SDSS J125941.30+283025.9,0.97,F
SDSS J125941.31+273935.3,0.91,C
SDSS J104512.79+201103.4,0.97,C
SDSS J105613.86+373622.5,0.91,F
SDSS J094650.17+432525.8,0.99,C
SDSS J145653.06+091617.8,0.95,C
SDSS J125119.92+310334.6,0.98,F
SDSS J100441.52+102411.3,0.97,F
SDSS J154120.00+445233.4,0.94,
SDSS J100234.34+345609.0,0.96,F
SDSS J163059.72+243708.0,0.89,
SDSS J144025.62+145639.9,0.94,F
SDSS J111149.05+654856.0,0.91,
SDSS J161354.89+145536.1,0.97,
SDSS J090131.20+491931.4,0.98,Sh
SDSS J090132.73+293233.6,0.99,F
SDSS J135556.26+210733.4,0.91,C
SDSS J110047.95+104341.4,0.9,C
SDSS J104546.93+371240.7,0.99,F
SDSS J164318.56+263520.1,0.98,
SDSS J132031.85+331729.6,0.99,C
SDSS J092402.44+230431.6,0.99,F
SDSS J100619.17+140506.2,0.99,F
SDSS J074209.26+402206.5,0.92,
SDSS J150027.59+062717.0,0.86,F
SDSS J093937.98+594728.5,0.97,F
SDSS J093922.39+363428.5,0.97,Sh
SDSS J124136.26+232530.5,0.96,Sh
SDSS J105844.91+593038.5,0.99,Sh
SDSS J162248.00+380203.4,0.92,
SDSS J121655.86+440632.9,0.99,F
SDSS J023454.86-004745.5,0.99,
SDSS J123225.69+361741.6,0.99,F
SDSS J090559.44+352238.5,0.91,C
SDSS J144031.45+284007.8,0.96,F
SDSS J141432.06+031124.8,0.99,F
SDSS J091315.72+015202.0,0.99,C
SDSS J114555.57+210131.8,0.96,C
SDSS J095938.86+382228.8,0.9,F
SDSS J115844.63+281722.4,0.9,F
SDSS J141608.83+412858.0,0.96,F
SDSS J132904.44+111358.3,0.98,F
SDSS J102621.73+395712.9,0.93,F
SDSS J141507.74+544805.5,0.98,Sh
SDSS J102446.49+343856.2,0.98,F
SDSS J131634.98+663250.5,0.87,
SDSS J092710.18+213538.0,0.96,Sh
SDSS J125457.76+281830.3,0.97,C
SDSS J125457.73+194052.5,0.87,F
SDSS J134339.30+193402.6,0.97,Sh
SDSS J204719.06+001914.9,0.97,
SDSS J113841.16+354631.4,0.97,Sh
SDSS J124348.29+334659.7,0.98,Sh
SDSS J142039.40+265147.9,0.97,C
SDSS J134231.86+262914.0,0.92,F
SDSS J124338.67+003249.6,0.88,Sh
SDSS J080435.45+553235.7,0.95,
SDSS J111636.13+111202.3,0.99,F
SDSS J120421.51+422818.5,0.94,F
SDSS J143722.14+363404.2,0.98,Sh
SDSS J155731.79+532507.0,0.98,
SDSS J102707.31+184137.2,0.99,F
SDSS J164939.59+394558.2,0.95,
SDSS J143044.42+551338.5,0.99,F
SDSS J111325.05+185356.4,0.99,F
SDSS J104733.80+453404.6,0.99,C
SDSS J131635.50-020528.8,0.98,
SDSS J113946.86+522601.8,0.99,F
SDSS J080318.20+314634.9,0.98,
SDSS J112424.63+511405.7,0.87,C
SDSS J082822.13+302635.5,0.91,F
SDSS J002515.13-010642.3,0.98,
SDSS J143255.72+241659.2,0.96,F
SDSS J135534.39+250259.2,0.98,C
SDSS J134314.85+230218.5,0.97,Sh
SDSS J075612.14+114418.0,0.88,
SDSS J134051.15+242823.8,0.99,F
SDSS J112827.03+225221.0,0.96,C
SDSS J140755.36+295221.9,0.9,Sh
SDSS J122311.63+060419.6,0.97,F
SDSS J174225.80+554826.7,0.96,
SDSS J080158.49+150331.5,0.93,
SDSS J130845.11+040939.7,0.99,V
SDSS J112203.93+504854.5,0.98,F
SDSS J090440.20+172512.7,0.99,F
SDSS J121853.54+025932.2,0.99,Sh
SDSS J154150.85+310037.3,0.92,
SDSS J074812.65+474704.6,0.97,
SDSS J133953.65+360625.2,0.99,F
SDSS J083421.02+182913.2,0.97,F
SDSS J130039.38+214130.1,0.97,F
SDSS J090711.08+504245.8,0.98,F
SDSS J111313.28+553320.8,0.99,F
SDSS J103122.66+194517.9,0.99,F
SDSS J112924.34+522857.5,0.96,F
SDSS J230512.55+005003.8,0.94,
SDSS J092800.63+014017.3,0.99,F
SDSS J112344.57+030018.7,0.97,F
SDSS J090805.79+495439.0,0.99,Sh
SDSS J121406.52+144332.9,0.95,F
SDSS J105422.00+062516.5,0.95,Sh
SDSS J091220.11+341536.2,0.86,Sh
SDSS J151335.13+211505.2,0.94,Sh
SDSS J105429.47+210949.1,1.0,F
SDSS J111926.22+031205.8,0.93,F
SDSS J084802.73+041606.7,0.9,F
SDSS J163339.97+204252.3,0.97,
SDSS J101347.88+384031.8,0.87,Sh
SDSS J131432.45+304220.8,0.89,F
SDSS J151525.44+044052.9,0.95,C
SDSS J160833.83+210452.3,0.85,
SDSS J151523.12+255518.2,0.98,F
SDSS J130944.67+425907.0,0.97,F
SDSS J155916.09+354331.1,0.89,
SDSS J011935.11+002801.6,0.98,
SDSS J124252.92+344236.1,0.97,Sh
SDSS J160546.71+000800.6,0.91,
SDSS J095659.04+034847.0,0.94,F
SDSS J151131.92+051220.6,0.93,F
SDSS J173045.39+565800.2,0.96,
SDSS J173752.68+540339.4,0.99,
SDSS J114144.26+094131.4,0.94,F
SDSS J031818.00+414031.1,0.99,
SDSS J102101.73+135956.0,0.96,Sh
SDSS J100705.08+350623.9,0.99,F
SDSS J082617.42+541216.5,0.98,F
SDSS J123653.71+591409.2,0.99,C
SDSS J085807.83+591222.1,0.85,Sh
SDSS J162741.71+132651.2,0.98,
SDSS J093752.67+170646.5,0.94,F
SDSS J132713.89+194815.2,0.97,F
SDSS J134918.46+153220.8,0.97,Sh
SDSS J081837.88+270907.4,0.92,
SDSS J101135.39+434955.3,0.91,C
SDSS J110554.02+110429.7,0.97,F
SDSS J111804.00+122715.0,0.89,Sh
SDSS J133207.34+142602.2,0.93,V
SDSS J152047.71+302719.3,0.99,C
SDSS J074533.52+454620.4,0.85,
SDSS J210621.68-004616.3,0.98,
SDSS J160221.14+152752.2,0.98,
SDSS J134555.12+230348.8,0.96,C
SDSS J140752.66+230558.6,0.99,F
SDSS J165321.68+232658.6,0.98,
SDSS J120651.11+425944.3,0.89,F
SDSS J162412.96+315232.9,0.98,
SDSS J152244.87+294610.6,0.98,V
SDSS J010107.78+005127.7,0.94,
SDSS J085736.24+391132.6,0.99,F
SDSS J102323.36+130321.4,0.98,F
SDSS J160225.61+221702.4,0.92,
SDSS J150145.14+262832.1,0.97,Sh
SDSS J123558.45+265757.7,0.99,F
SDSS J092455.77+190824.4,0.87,C
SDSS J113551.93+320925.1,0.98,F
SDSS J155405.97+183851.6,0.99,
SDSS J030548.20-001036.3,0.93,
SDSS J074741.14+224653.7,0.93,
SDSS J111103.44+191129.7,0.85,F
SDSS J155733.73+111530.0,0.88,
SDSS J152551.40+384613.9,0.97,V
SDSS J081604.18+552340.3,0.99,
SDSS J125722.22+142317.7,0.98,V
SDSS J115547.55+391347.8,0.98,V
SDSS J155038.68+202254.2,0.9,
SDSS J135432.92+282709.4,0.96,C
SDSS J161230.54+161101.3,0.9,
SDSS J102520.69+262734.9,0.97,F
SDSS J140837.35+504836.9,0.97,Sh
SDSS J085734.86+323938.0,0.98,F
SDSS J114637.46+390828.0,0.96,V
SDSS J085518.73+272046.1,0.98,V
SDSS J120427.52+135811.4,0.96,F
SDSS J120053.89+345813.6,0.95,Sh
SDSS J131644.23+281200.4,0.99,F
SDSS J150558.66+254231.6,0.97,F
SDSS J120625.96+233302.1,0.96,C
SDSS J145115.65+620014.6,0.99,
SDSS J154304.10+511248.9,0.88,
SDSS J114843.89+211124.0,0.96,C
SDSS J160850.61+122827.7,0.93,
SDSS J083122.85+491338.1,0.94,F
SDSS J160523.95-002001.1,0.92,
SDSS J095424.96+231727.4,0.93,V
SDSS J212649.15+120318.6,0.97,
SDSS J121347.35+402921.1,0.93,Sh
SDSS J160317.74+213530.0,0.99,
SDSS J092739.41+230710.1,0.96,F
SDSS J143331.18+170111.7,0.97,F
SDSS J124220.63+205216.7,0.95,F
SDSS J153403.86+021237.7,0.95,Sh
SDSS J115013.98+374630.6,0.93,F
SDSS J155721.42+242427.9,0.99,
SDSS J231137.63+150443.8,0.97,
SDSS J233822.04+153821.1,0.97,
SDSS J121446.48+521903.0,0.97,F
SDSS J161531.69+425623.0,0.94,
SDSS J011623.61+002644.8,0.85,
SDSS J111240.67+252952.6,0.99,V
SDSS J133519.91+072807.5,0.98,C
SDSS J103156.50+030454.2,0.98,Sh
SDSS J230909.07-005218.1,0.99,
SDSS J144318.57-011512.4,0.97,
SDSS J151305.75+543116.6,0.95,F
SDSS J074231.57+273818.8,0.96,
SDSS J104951.04+395216.5,0.85,C
SDSS J090128.45+311433.1,0.92,V
SDSS J114746.80+362615.5,0.88,F
SDSS J110538.73+304959.2,0.89,F
SDSS J085954.46+203559.7,0.98,Sh
SDSS J114747.44+184309.6,0.93,F
SDSS J141143.20+004312.4,0.92,F
SDSS J160907.26+215203.8,0.97,
SDSS J101929.21+275304.9,0.98,C
SDSS J075759.95+263008.7,0.98,
SDSS J113540.82+224907.7,0.95,F
SDSS J124329.22+170100.8,0.96,F
SDSS J142529.44-010358.2,0.93,
SDSS J080217.05+402526.1,0.93,
SDSS J092221.41+533624.7,0.98,Sh
SDSS J103916.17+052913.7,0.98,F
SDSS J134529.21+611608.5,0.85,
SDSS J082953.73+373436.4,0.99,F
SDSS J105921.94+563619.1,0.94,C
SDSS J135535.16+264140.7,0.86,Sh
SDSS J081018.22+145010.3,0.87,
SDSS J125105.61+274817.6,0.98,Sh
SDSS J134519.03+202341.2,0.98,F
SDSS J132643.48+303024.0,0.99,F
SDSS J123736.78+333654.6,0.98,F
SDSS J090532.59+020221.9,0.88,F
SDSS J154555.53+352947.7,0.99,
SDSS J145802.72+342059.1,0.96,F
SDSS J155936.29+191251.4,0.96,
SDSS J130546.48+325022.3,0.97,F
SDSS J112630.92+205244.4,0.86,F
SDSS J091525.96+550334.6,0.96,C
SDSS J160950.02+153554.7,0.85,
SDSS J133538.77-005512.1,0.91,
SDSS J120702.92+584943.6,0.92,Sh
SDSS J121452.41+591953.1,0.93,C
SDSS J122205.86+115352.9,0.99,F
SDSS J133541.90+235603.0,0.91,Sh
SDSS J100811.13+141607.0,0.98,Sh
SDSS J112221.22+083649.5,0.89,Sh
SDSS J150048.07+092317.4,0.98,F
SDSS J111647.75+383510.6,0.97,Sh
SDSS J133411.66+371930.7,0.9,Sh
SDSS J141345.94+340216.1,0.9,Sh
SDSS J130921.74+305522.1,0.87,Sh
SDSS J130619.87+325825.9,0.89,F
SDSS J080059.63+153729.1,0.85,
SDSS J115821.92+225031.1,0.98,F
SDSS J114103.60+014331.7,0.99,Sh
SDSS J120245.22+584854.9,0.98,F
SDSS J033418.86+010100.4,0.86,
SDSS J131140.40+442125.9,0.94,C
SDSS J161907.94+403024.3,0.94,
SDSS J101433.62+291906.7,0.91,F
SDSS J033408.30+010853.5,0.97,
SDSS J130009.14+275159.3,0.89,F
SDSS J100044.68+031624.1,0.97,F
SDSS J110432.65+085503.9,0.98,F
SDSS J152137.48+051501.3,0.86,C
SDSS J101706.82+093622.5,0.97,F
SDSS J123440.01+220152.5,0.98,F
SDSS J110434.86+200450.1,0.89,Sh
SDSS J030110.66-073459.7,0.86,
SDSS J144855.41+550432.2,0.88,F
SDSS J123004.07+554435.6,0.98,F
SDSS J084212.40+423715.0,0.89,Sh
SDSS J080932.21+261700.2,0.87,
SDSS J120525.11+153051.6,0.98,V
SDSS J103044.57+400327.0,0.86,F
SDSS J124205.59+431133.2,0.97,C
SDSS J112342.75+360859.7,0.96,F
SDSS J144353.68+252438.9,0.95,Sh
SDSS J103657.53+272305.6,0.95,V
SDSS J120508.31+144311.0,0.97,F
SDSS J114117.42+204953.1,0.93,F
SDSS J212300.88+061308.7,0.98,
SDSS J152750.54+552613.3,0.87,Sh
SDSS J133425.22+460930.4,0.92,Sh
SDSS J130329.95+612957.9,0.94,
SDSS J154023.83+013654.9,0.97,
SDSS J105953.54+302658.8,0.97,V
SDSS J152024.55-001330.8,0.99,
SDSS J205433.28-000709.1,0.97,
SDSS J150203.38+182934.5,0.91,F
SDSS J081423.87+094729.8,0.96,
SDSS J083427.67+420019.9,0.94,Sh
SDSS J111729.78+512414.1,0.85,F
SDSS J125822.15+280907.6,0.94,C
SDSS J123625.55+095452.0,0.96,Sh
SDSS J093925.89+664116.6,0.96,
SDSS J121028.85+312429.5,0.97,V
SDSS J103543.31+293530.9,0.98,V
SDSS J145125.94+185433.5,0.97,Sh
SDSS J144915.17+163903.0,0.99,F
SDSS J093928.61+160656.2,0.97,F
SDSS J142117.39+353033.8,0.98,F
SDSS J105827.14+241145.7,0.97,Sh
SDSS J114940.12+185310.7,0.99,F
SDSS J165315.13+642834.5,0.86,
SDSS J142436.58+043333.0,0.86,F
SDSS J074812.91+281330.4,0.98,
SDSS J084123.49+362310.6,0.97,Sh
SDSS J095753.36+093007.3,0.97,F
SDSS J111347.39+453223.6,0.92,V
SDSS J134541.34+220313.8,0.99,C
SDSS J134803.90+181746.7,0.97,F
SDSS J150543.79+562332.7,0.9,F
SDSS J020949.31-074656.7,0.89,
SDSS J083611.14+523107.4,0.98,Sh
SDSS J125450.13+100703.1,0.96,V
SDSS J155448.50+275137.1,0.94,
SDSS J094740.16+013600.5,0.98,F
SDSS J113950.91+202341.7,0.94,C
SDSS J153636.52+014804.8,0.97,Sh
SDSS J090528.84+512448.8,0.92,F
SDSS J082814.20+462802.3,0.94,Sh
SDSS J122641.38+301424.2,0.94,Sh
SDSS J014143.18+134032.8,0.9,
SDSS J091720.10+442217.0,0.86,F
SDSS J113405.58+363624.5,0.98,F
SDSS J132122.24+255703.6,0.89,F
SDSS J111457.10+215120.6,0.97,F
SDSS J162926.76+382509.8,0.95,
SDSS J092050.60+263936.6,0.99,F
SDSS J141605.64+320751.3,0.95,Sh
SDSS J133216.54+261614.1,0.94,Sh
SDSS J125725.24+272416.4,0.97,Sh
SDSS J155322.11+094208.4,0.87,
SDSS J102843.06+395019.8,0.87,F
SDSS J144944.83+504239.2,0.98,V
SDSS J104427.89+365856.7,0.86,F
SDSS J102310.43+175745.8,0.92,V
SDSS J141550.72+602834.9,0.97,
SDSS J225852.40-004255.5,0.85,
SDSS J025546.90-000614.9,0.89,
SDSS J092915.75+624052.9,0.85,
SDSS J082810.65+554244.6,0.96,F
SDSS J130950.99+062612.8,0.99,F
SDSS J112114.08+395402.7,0.95,F
SDSS J110602.73+204257.2,0.92,F
SDSS J131043.02+171155.3,0.94,F
SDSS J140816.54+580601.0,0.85,F
SDSS J155343.05+352604.9,0.97,
SDSS J122247.80+390110.7,0.96,Sh
SDSS J135307.77+341811.1,0.96,F
SDSS J142108.12+303748.7,0.99,Sh
SDSS J152837.45+582324.2,0.9,Sh
SDSS J131206.97+673011.7,0.96,
SDSS J004010.55-102626.1,0.91,
SDSS J134034.99+050655.9,0.98,F
SDSS J222239.65-095951.6,0.98,
SDSS J165355.08+245331.8,0.9,
SDSS J100628.63+273314.1,0.95,Sh
SDSS J135413.83+263933.6,0.86,Sh
SDSS J093541.30+011347.4,0.91,Sh
SDSS J121659.69+095537.0,0.94,V
SDSS J112052.04+312736.5,0.96,F
SDSS J113100.25+251316.2,0.89,F
SDSS J130508.00+204614.5,0.95,F
SDSS J105036.77-004951.9,0.97,
SDSS J213049.81+115444.8,0.99,
SDSS J214259.41-005630.2,0.92,
SDSS J111045.45+094317.0,0.88,Sh
SDSS J105300.22+453905.1,0.96,V
SDSS J074915.57+191021.1,0.95,
SDSS J131603.32+070450.5,0.93,F
SDSS J124351.36+110254.0,0.97,F
SDSS J134055.44+385224.0,0.87,F
SDSS J134251.14+212622.2,0.99,Sh
SDSS J100710.17+185702.1,0.93,Sh
SDSS J015024.14+330009.4,0.99,
SDSS J103050.66+541651.0,0.97,C
SDSS J104643.66+105802.4,0.97,C
SDSS J153101.13+321332.0,0.98,F
SDSS J083138.21+510643.7,0.97,F
SDSS J143127.52+032503.9,0.96,Sh
SDSS J074939.96+285644.2,0.93,
SDSS J111750.56+604446.4,0.95,
SDSS J123225.88+441101.1,0.91,F
SDSS J075744.23+400119.8,0.89,
SDSS J113822.95+203130.4,0.98,F
SDSS J105001.68+181718.5,0.91,F
SDSS J110216.80+442006.5,0.95,F
SDSS J095558.80+340211.6,0.98,Sh
SDSS J100330.10+075017.6,0.98,Sh
SDSS J135455.85+194653.0,0.98,F
SDSS J095409.38+244825.4,0.94,Sh
SDSS J153907.86+140123.0,0.91,V
SDSS J114620.18+241627.3,0.91,F
SDSS J154325.55+333005.1,0.98,
SDSS J093410.88+305657.9,0.97,F
SDSS J170059.53+242559.0,0.86,
SDSS J151812.56+454636.1,0.97,Sh
SDSS J102545.09+012613.2,0.92,Sh
SDSS J130434.73+565907.0,0.96,V
SDSS J131709.38+270441.0,0.9,F
SDSS J083904.17+502645.7,0.94,F
SDSS J111930.81+271149.2,0.95,F
SDSS J080940.31+064109.0,0.96,
SDSS J114642.93+152517.7,0.87,C
SDSS J125925.78-021454.4,0.97,
SDSS J113725.08+234948.3,0.95,Sh
SDSS J095410.94+194401.4,0.95,Sh
SDSS J083111.86+404740.0,0.94,C
SDSS J090547.34+364643.2,0.94,F
