SDSS_name,objID,L_pred
SDSS J132008.30+302700.3,1237665328784277555,0.52
SDSS J134459.55+292535.8,1237665430241542292,0.66
SDSS J125206.87+270134.7,1237667322723237969,0.82
SDSS J122024.53+274907.6,1237667443507986562,0.84
SDSS J134456.35+201638.0,1237667781769691316,0.77
SDSS J161544.61+315750.2,1237662504295923869,0.79
SDSS J121036.76+345723.6,1237665024904265788,0.81
SDSS J142911.68+300438.0,1237665101675364544,0.84
SDSS J132549.12+342927.8,1237665129086714019,0.82
SDSS J160450.67+200446.2,1237665373870751774,0.62
SDSS J150438.05+191526.2,1237665566075060413,0.61
SDSS J120512.77+284654.7,1237667209991159899,0.83
SDSS J122018.54+275513.3,1237667323793899659,0.55
SDSS J152702.89+153241.0,1237667782317375541,0.75
SDSS J121034.68+255541.5,1237667912739782777,0.72
SDSS J012539.72+011041.1,1237678617427181717,0.55
SDSS J032139.98-063808.2,1237649962992205998,0.7
SDSS J152712.09+382416.1,1237662473152233713,0.7
SDSS J230558.94+005213.8,1237663278458732677,0.74
SDSS J161411.21+191853.7,1237665230521958457,0.76
SDSS J075913.15+441912.6,1237651495220543666,0.65
SDSS J144753.23+345845.3,1237662305118585024,0.83
SDSS J163640.64+232136.6,1237662641198334122,0.55
SDSS J160806.49+252906.7,1237662663754645941,0.57
SDSS J093953.68+110214.3,1237664105239544021,0.52
SDSS J102852.02+264734.6,1237667211055530118,0.64
SDSS J133543.77+272433.8,1237667444589002885,0.8
SDSS J215126.93+052620.2,1237669697295745341,0.75
SDSS J151006.40+562221.3,1237671938723479615,0.74
SDSS J102009.63+131946.7,1237664106317676830,0.83
SDSS J093639.20+011501.2,1237651752920875233,0.6
SDSS J160601.92+180645.1,1237665429182677209,0.67
SDSS J105535.29+232505.1,1237667550344708291,0.72
SDSS J080343.91+100306.2,1237667730730582135,0.62
SDSS J110308.58+210445.4,1237667782290047076,0.61
SDSS J112533.36+224908.4,1237667783903019099,0.73
SDSS J114941.43+131440.5,1237661813882224757,0.69
SDSS J143758.81+382130.8,1237662196148666566,0.79
SDSS J135759.09+104243.3,1237662198275702956,0.84
SDSS J131153.11+511224.7,1237662301356294316,0.51
SDSS J144435.66+372856.8,1237662307802218747,0.77
SDSS J164127.18+264137.9,1237662474234495243,0.53
SDSS J080203.39+550056.6,1237663917877690653,0.83
SDSS J113656.85+153144.0,1237664291534536707,0.66
SDSS J145448.54+254732.9,1237665178988118127,0.56
SDSS J080100.69+420619.1,1237673705579938031,0.54
SDSS J120831.31+000811.3,1237674650466517141,0.58
SDSS J105834.10+454845.0,1237661357538279499,0.8
SDSS J113905.88+431450.6,1237662196133855313,0.62
SDSS J151335.15+103054.1,1237662636370362706,0.57
SDSS J111529.32+351056.0,1237665026509963353,0.77
SDSS J154932.54+203842.5,1237665535466733732,0.61
SDSS J120323.56+200119.5,1237668298202415133,0.78
SDSS J081657.56+203044.1,1237673808656400399,0.74
SDSS J120851.62+090753.9,1237674597852053622,0.71
SDSS J121235.47+162551.3,1237668588648530063,0.84
SDSS J114331.43+224331.5,1237667783367917730,0.77
SDSS J090843.17+131400.4,1237671262811062391,0.5
SDSS J135300.93+145709.0,1237668348133179545,0.56
SDSS J134147.78+073701.1,1237661972268187772,0.78
SDSS J105139.89+373137.1,1237662224596795449,0.62
SDSS J143926.03+130108.2,1237662530605416520,0.61
SDSS J155944.37+292615.6,1237662619724873916,0.55
SDSS J120113.91+094339.5,1237658492279455897,0.81
SDSS J120907.87+370639.3,1237664337718083600,0.83
SDSS J133944.17+331444.6,1237665024912326781,0.6
SDSS J153339.48+241827.8,1237665101682114802,0.66
SDSS J093848.87+074627.0,1237658492800925787,0.6
SDSS J021754.85+001506.4,1237666408457502867,0.8
SDSS J124557.87+300312.7,1237667254555115706,0.7
SDSS J134145.21+270016.9,1237667324338700363,0.62
SDSS J101939.52+211717.2,1237667536935583944,0.78
SDSS J091154.73+645114.9,1237663916809650291,0.6
SDSS J113701.88+153414.0,1237664291534536771,0.6
SDSS J133300.04+372929.5,1237664293686083662,0.84
SDSS J105010.53+380952.5,1237664668974841994,0.8
SDSS J114118.12+354351.0,1237665026512257137,0.64
SDSS J105053.17+321146.6,1237665127462011004,0.8
SDSS J155751.53+461824.4,1237659326562369698,0.83
SDSS J115458.53+261209.0,1237667321643925630,0.83
SDSS J120811.95+254525.6,1237667448339300550,0.74
SDSS J093201.32+094844.8,1237660670886478059,0.51
SDSS J110056.26+204108.9,1237667734500802715,0.74
SDSS J110052.80+192934.1,1237668294445105287,0.51
SDSS J113121.33+261744.7,1237667322178502772,0.82
SDSS J112853.81+272234.1,1237667323788918960,0.76
SDSS J093000.13+212335.5,1237667430631538970,0.51
SDSS J111233.15+195025.9,1237667916487131304,0.8
SDSS J015107.90-094731.3,1237670955715919987,0.72
SDSS J093216.39+120537.9,1237671122690310376,0.59
SDSS J134926.93+210811.6,1237667782843826333,0.83
SDSS J112424.92+233854.8,1237667910587711654,0.79
SDSS J140340.85+154808.8,1237668314847445076,0.57
SDSS J151548.93+121310.7,1237668331494900019,0.6
SDSS J081913.06+204526.9,1237674371291218000,0.76
SDSS J135559.08+172957.2,1237668270827503758,0.82
SDSS J141408.90+031330.9,1237651821097713831,0.68
SDSS J104402.20+043946.8,1237654601568223353,0.83
SDSS J101817.86+032055.7,1237654604249563301,0.58
SDSS J111307.90+050422.2,1237654605866205219,0.54
SDSS J093352.12+465149.3,1237657590311616620,0.5
SDSS J083626.29+043914.6,1237658300058107973,0.67
SDSS J025622.03-000912.0,1237660339090030669,0.72
SDSS J014907.18+130538.9,1237649918970953920,0.58
SDSS J143541.91+022850.6,1237651736847712463,0.68
SDSS J114328.67+032319.2,1237651755082252421,0.78
SDSS J011823.44+133728.4,1237653650769510570,0.52
SDSS J093626.30-003416.9,1237648720678158635,0.82
SDSS J150422.46+590731.4,1237651252044497024,0.52
SDSS J141441.25+653836.1,1237651539790987493,0.79
SDSS J111114.93+592923.0,1237655108911038502,0.74
SDSS J152505.12+045422.6,1237655743484723566,0.74
SDSS J082336.80+390629.1,1237657608035762347,0.68
SDSS J143211.47+454149.5,1237658205595041863,0.58
SDSS J104109.75+064912.2,1237658299534802987,0.63
SDSS J162527.78+393307.3,1237659325492298071,0.82
SDSS J081732.46+282127.7,1237660343927504966,0.76
SDSS J115746.06+141750.6,1237661068724011075,0.78
SDSS J172029.58+580454.7,1237651213361348614,0.53
SDSS J093551.59+612111.3,1237651272966275163,0.69
SDSS J080712.41+395150.0,1237654654173118794,0.63
SDSS J143908.48+052112.2,1237654881812873246,0.6
SDSS J161639.25+402026.8,1237659324417835183,0.76
SDSS J110927.45+094632.3,1237660614509461572,0.56
SDSS J165212.99+231827.6,1237661465457787290,0.82
SDSS J134455.96+610040.8,1237655464846884953,0.62
SDSS J232437.77+145309.8,1237652943708422377,0.81
SDSS J134511.31+612724.7,1237655465383690328,0.74
SDSS J140531.43-012202.4,1237655495983038619,0.77
SDSS J150309.41-021217.2,1237655691941839043,0.66
SDSS J113131.60+512438.2,1237657856071106627,0.58
SDSS J142245.61+463248.6,1237658205594255392,0.59
SDSS J105642.40+071335.5,1237658424092524797,0.82
SDSS J151843.83+041735.1,1237655742410326297,0.74
SDSS J151529.76+050047.2,1237655743483674960,0.53
SDSS J101024.60+395525.4,1237660772883365911,0.75
SDSS J123337.97+490716.4,1237661150302699562,0.5
SDSS J225756.44-093457.2,1237652599575281730,0.72
SDSS J142747.32+045444.9,1237654881274757162,0.55
SDSS J153514.26+573053.1,1237654948911644830,0.57
SDSS J092530.98+453157.8,1237657242433814670,0.72
SDSS J090842.61+444838.3,1237657402419052703,0.83
SDSS J080920.10+280044.7,1237657877541879835,0.83
SDSS J151127.30+410523.9,1237658204525035558,0.5
SDSS J031049.35-002125.5,1237660240312664218,0.51
SDSS J120250.68+483810.3,1237661435917762567,0.8
SDSS J153751.65+032713.3,1237651822717436237,0.59
SDSS J232824.02-094223.9,1237652900744724585,0.84
SDSS J112359.63+024130.7,1237654030328332452,0.75
SDSS J120952.62+564441.3,1237661352169832505,0.84
SDSS J132921.12+112011.5,1237661949188243597,0.71
SDSS J093649.41+575931.5,1237651190825353337,0.68
SDSS J122349.33+012230.4,1237651752402288702,0.81
SDSS J113926.82+032816.0,1237651755081793661,0.82
SDSS J110602.35+042545.7,1237654601033711677,0.81
SDSS J120229.19+105352.2,1237658493890265125,0.81
SDSS J103152.86+133105.4,1237661069788643333,0.58
SDSS J114950.92+472640.8,1237661357542146179,0.64
SDSS J141340.03+435159.7,1237661361838424237,0.84
SDSS J124825.36+541205.0,1237658916921147547,0.67
SDSS J162428.94+322938.1,1237662302447337614,0.84
SDSS J074709.23+302919.6,1237657608030781456,0.63
SDSS J141353.52+455213.7,1237658203983118496,0.69
SDSS J104551.42+094321.4,1237658493345071231,0.56
SDSS J103504.84+463341.2,1237658612514619419,0.73
SDSS J165525.91+251522.3,1237662500013605127,0.58
SDSS J131759.57-001743.2,1237648704047284273,0.52
SDSS J105804.07+060247.3,1237658422482043003,0.56
SDSS J165103.66+303949.0,1237661387083940213,0.79
SDSS J130644.04+433918.8,1237661871870378183,0.75
SDSS J151308.26+042949.6,1237662266463682623,0.57
SDSS J151308.55+054534.2,1237662268074230050,0.81
SDSS J205119.81-071857.9,1237652933494309184,0.67
SDSS J091129.87+024141.4,1237654600484323530,0.53
SDSS J075935.76+441824.2,1237651271882834162,0.81
SDSS J091521.61+413706.1,1237657628978053223,0.76
SDSS J121648.86+472726.6,1237661434308132898,0.62
SDSS J135823.51+423647.7,1237661851477213305,0.63
SDSS J141103.74+485756.2,1237662301897425029,0.77
SDSS J140405.87+331914.5,1237662683070333094,0.77
SDSS J075106.23+174025.6,1237664092893152195,0.58
SDSS J120739.01+143303.1,1237664289927135287,0.72
SDSS J151220.62+092059.7,1237662199357505705,0.65
SDSS J162156.18+311802.0,1237662300836921667,0.76
SDSS J133047.95+380645.0,1237664294222692481,0.73
SDSS J080611.75+205949.0,1237664668957671769,0.67
SDSS J103324.17+310223.9,1237665015236067482,0.75
SDSS J082550.67+181000.1,1237667142324060416,0.72
SDSS J122203.39+281109.5,1237667444045053990,0.76
SDSS J080613.65+114735.8,1237667537994776739,0.68
SDSS J143212.53+455459.5,1237661212581625874,0.75
SDSS J115258.88+433510.9,1237661871327674593,0.67
SDSS J154803.50+055620.4,1237662263252681154,0.83
SDSS J145053.14+080634.8,1237662263783260319,0.58
SDSS J221159.27-001511.2,1237663478721741185,0.84
SDSS J013317.47-003930.8,1237663783133839546,0.67
SDSS J160130.06+164520.3,1237665532260057435,0.74
SDSS J113153.60+282130.5,1237667209987948561,0.81
SDSS J131054.09+563711.7,1237661417134817478,0.84
SDSS J111719.35+410020.4,1237661966888075345,0.56
SDSS J035105.12-001337.3,1237663238205472976,0.84
SDSS J153300.47+253407.1,1237665129099362421,0.71
SDSS J160937.41+202457.8,1237665231058174039,0.75
SDSS J020642.51-005137.6,1237666406845644947,0.63
SDSS J155153.03+255841.9,1237662224087580955,0.71
SDSS J213057.29+114548.6,1237656496171516003,0.79
SDSS J161322.64+070219.9,1237662635840176553,0.76
SDSS J160414.89+214550.4,1237662695964999963,0.57
SDSS J163149.10+202441.6,1237662698652106771,0.72
SDSS J140542.87+093044.2,1237662264315215936,0.75
SDSS J145054.95+045656.0,1237662266461257736,0.84
SDSS J123208.11+562816.1,1237657610731257870,0.64
SDSS J154103.33+321335.9,1237662619722711096,0.71
SDSS J115408.78+145253.4,1237664290462564539,0.59
SDSS J085727.94+200744.3,1237667211582767354,0.78
SDSS J093321.92+152528.3,1237670965387001992,0.84
SDSS J120421.87+070258.9,1237671127518806154,0.74
SDSS J161105.31+182957.9,1237671690690363652,0.67
SDSS J155637.05+270042.8,1237662339475636540,0.82
SDSS J163121.57+224149.4,1237662340553310291,0.77
SDSS J113616.80+152812.8,1237664291534405764,0.7
SDSS J125838.37+532436.0,1237658800429924474,0.68
SDSS J111224.73+312244.2,1237665330382962866,0.6
SDSS J125757.71+280342.4,1237667324334440540,0.66
SDSS J094607.45+213352.7,1237667429559369869,0.72
SDSS J134107.85+231655.4,1237667911138213991,0.7
SDSS J130219.05+380102.9,1237664674326511773,0.6
SDSS J092518.91+340644.9,1237664871360299223,0.82
SDSS J163635.18+172513.4,1237665107043352606,0.52
SDSS J162656.07+390213.8,1237659325492560169,0.55
SDSS J144415.38+225050.7,1237665549429112945,0.77
SDSS J120722.52+275105.5,1237667430647398468,0.61
SDSS J144118.18+103757.8,1237661950269718778,0.52
SDSS J102130.90+350107.6,1237664667361411131,0.52
SDSS J080706.66+184547.2,1237664835923673392,0.57
SDSS J214907.29+002650.3,1237663479792992576,0.6
SDSS J082431.85+545113.9,1237663530797039897,0.77
SDSS J122226.67+363643.4,1237664817677795360,0.81
SDSS J124935.43+033615.6,1237671264961429657,0.55
SDSS J094501.30+174756.7,1237667735029743643,0.65
SDSS J142306.89+204324.0,1237667910068863287,0.68
SDSS J121318.50+195611.8,1237667915419680862,0.77
SDSS J115144.98+030544.9,1237671128590385174,0.51
SDSS J114458.83-022347.5,1237671139869458689,0.63
SDSS J221334.34+140632.3,1237678600220246046,0.71
SDSS J020009.54+144353.1,1237679167161368764,0.79
SDSS J211346.66-054901.4,1237680241432330621,0.58
SDSS J115311.13+252615.3,1237667912201207908,0.73
SDSS J020517.54+133020.5,1237670961617895518,0.62
SDSS J003930.95-090222.8,1237652901826134092,0.56
SDSS J135046.66+021825.1,1237674602139943017,0.61
SDSS J115245.28+335926.4,1237665127467712655,0.51
SDSS J093459.07+254932.3,1237665369034391643,0.62
SDSS J135823.90+220313.6,1237665564994437295,0.67
SDSS J091644.19+195608.5,1237667430093160672,0.79
SDSS J121609.03+280746.8,1237667444044464211,0.83
SDSS J082605.40+130033.6,1237667536923197634,0.58
SDSS J115044.21+210632.5,1237667917027999886,0.71
SDSS J160725.10+102532.8,1237668350295081118,0.82
SDSS J141440.16+205437.5,1237667783920124095,0.84
SDSS J123931.64+254038.6,1237667448342380639,0.84
SDSS J142024.12+174536.1,1237668272440606831,0.74
SDSS J141216.74+184012.1,1237668299289460847,0.56
SDSS J111351.74+165541.8,1237668495778775196,0.58
SDSS J121615.45+174804.4,1237668624622682199,0.63
SDSS J100634.45+142624.6,1237671123767853073,0.56
SDSS J114403.92-023330.1,1237671139869393069,0.68
SDSS J140327.85+004359.5,1237674602678386832,0.7
SDSS J164806.78+245425.1,1237662503763443728,0.78
SDSS J150432.57+112912.5,1237662530071298295,0.57
SDSS J084022.70+233222.7,1237664835927670963,0.77
SDSS J150605.40+242327.6,1237665178452492472,0.54
SDSS J160216.33+491211.4,1237655349965750418,0.8
SDSS J231412.61+133454.6,1237656494571913254,0.82
SDSS J104524.15+202027.2,1237667734499164381,0.84
SDSS J092123.07+164623.2,1237667735564058811,0.69
SDSS J134359.91+175029.6,1237668270826258634,0.64
SDSS J092444.61+200144.8,1237667429557076024,0.79
SDSS J012655.70-000053.0,1237657070619787372,0.66
SDSS J105144.47+155749.9,1237668495239544843,0.83
SDSS J212330.05+043806.0,1237669761716846733,0.69
SDSS J083839.74+382008.1,1237657400804704519,0.6
SDSS J161625.13+510310.2,1237668611197305062,0.55
SDSS J152811.80+023148.2,1237651737390350675,0.71
SDSS J152911.42+004327.3,1237651818952524169,0.7
SDSS J213747.68+112539.1,1237652943160082682,0.78
SDSS J110851.55+600834.5,1237653616398762026,0.82
SDSS J150751.81+544510.0,1237655348350746672,0.67
SDSS J143749.61+064454.3,1237655744553287850,0.59
SDSS J091835.43+443548.8,1237657242433159320,0.65
SDSS J125926.07+590106.4,1237658311332659359,0.56
SDSS J031414.76-060511.0,1237649964065226804,0.78
SDSS J075445.51+461313.0,1237651497368486020,0.81
SDSS J015249.20-081557.3,1237652901834063977,0.71
SDSS J115733.92+611141.3,1237655463230636192,0.58
SDSS J115019.12+620309.3,1237655464304050309,0.73
SDSS J074716.35+265703.6,1237657776071049419,0.63
SDSS J082423.48+305330.6,1237658199660232904,0.54
SDSS J083732.17+290437.7,1237660764300443792,0.59
SDSS J171450.71+573413.0,1237651212287672671,0.55
SDSS J021651.20-085750.4,1237652900226007150,0.79
SDSS J111710.62+075513.4,1237658424631623855,0.64
SDSS J085020.19+411721.9,1237657118412243112,0.8
SDSS J084806.89+415133.2,1237657606427443387,0.67
SDSS J075926.11+325808.5,1237657607495483688,0.69
SDSS J111411.16+564706.2,1237657612337217630,0.76
SDSS J123251.49+084423.8,1237658491209121932,0.56
SDSS J115202.57+501643.6,1237658613594128470,0.52
SDSS J143610.26+503107.7,1237659133283008639,0.7
SDSS J114103.68+101330.3,1237660614512869402,0.79
SDSS J115235.45+490820.0,1237658611983515754,0.66
SDSS J112517.91+002101.7,1237648721763827882,0.58
SDSS J141555.70+043319.1,1237651822708523137,0.78
SDSS J041023.58-044709.4,1237652901312200793,0.63
SDSS J235603.91-005918.6,1237656906354655271,0.73
SDSS J074520.28+265759.4,1237657776607789550,0.63
SDSS J131004.65+493941.4,1237658205051945109,0.78
SDSS J124414.06+483522.3,1237661435920711823,0.82
SDSS J131145.80+444347.5,1237661873481318442,0.77
SDSS J115956.25-003253.5,1237648720693887067,0.81
SDSS J121234.53+110430.1,1237660615590019257,0.75
SDSS J151642.39+011543.7,1237651735778492645,0.68
SDSS J031405.41-071427.1,1237652900769104151,0.64
SDSS J133209.45-024457.2,1237655494368755979,0.82
SDSS J155341.74-003422.8,1237655693557957095,0.5
SDSS J112749.64+543829.6,1237657590857007110,0.83
SDSS J073731.47+285015.4,1237657595681833453,0.52
SDSS J081529.28+260903.5,1237660958108025086,0.72
SDSS J075001.23+193447.5,1237661086952915118,0.57
SDSS J104013.71+391402.7,1237661137425334489,0.61
SDSS J152959.56+455448.4,1237661386537500738,0.71
SDSS J125609.32+122914.0,1237661817097814100,0.75
SDSS J113213.45+004909.4,1237648722301419653,0.81
SDSS J120631.58+013659.8,1237651735220781230,0.8
SDSS J020851.35+132148.9,1237653651848626345,0.59
SDSS J120945.25+563124.8,1237657610729881642,0.75
SDSS J154457.04+421951.3,1237659132752429194,0.59
SDSS J162505.84+405543.5,1237659326565581157,0.59
SDSS J110358.61+100622.8,1237660615045742717,0.58
SDSS J091924.37+080116.8,1237661063875133463,0.58
SDSS J131710.78+003139.2,1237648705120895059,0.79
SDSS J122731.22+031534.9,1237651737370558602,0.84
SDSS J023828.67-080621.8,1237652900765237342,0.52
SDSS J005049.67-090849.7,1237652948531150942,0.82
SDSS J104241.20+585039.0,1237658304889880687,0.77
SDSS J102359.78+062907.4,1237658423552114802,0.53
SDSS J115752.89+551846.5,1237658802573476009,0.62
SDSS J172713.11+580926.0,1237659896173428894,0.7
SDSS J080036.67+222400.2,1237661088028295176,0.68
SDSS J081005.48+461134.8,1237651192428232892,0.54
SDSS J105225.08+594107.8,1237655368746467344,0.65
SDSS J153150.40-011108.3,1237655693018726757,0.8
SDSS J131339.70+483734.8,1237658203978530901,0.52
SDSS J121632.28+100247.1,1237658492818030716,0.84
SDSS J090125.79+070149.7,1237658493333733518,0.81
SDSS J155129.48+465517.8,1237659330847834235,0.8
SDSS J001936.41-092643.3,1237652630711304296,0.72
SDSS J005601.99+141349.2,1237653651304022172,0.54
SDSS J140309.79+035850.8,1237654879661457663,0.69
SDSS J032402.51-055603.9,1237652901844025529,0.84
SDSS J102224.66+570209.8,1237655108908023933,0.54
SDSS J222922.26+121133.3,1237656240625484217,0.82
SDSS J004752.07-093847.3,1237652947993952343,0.77
SDSS J091729.06+395537.4,1237657874328518834,0.79
SDSS J105129.15+091655.2,1237658492808790116,0.72
SDSS J160417.44+420141.3,1237659163348107394,0.71
SDSS J084719.50+311054.2,1237660764838625418,0.66
SDSS J102535.20+394024.9,1237661139034833111,0.67
SDSS J123828.78+473321.1,1237661357545750655,0.59
SDSS J150140.11+492226.0,1237661386534879289,0.84
SDSS J154037.48+354617.1,1237661465449070854,0.71
SDSS J084132.11+511446.6,1237651191357636644,0.6
SDSS J090851.01+032654.0,1237654601557803090,0.79
SDSS J143638.51+031136.4,1237654879128256664,0.69
SDSS J125744.81+533813.2,1237658916384931844,0.71
SDSS J092032.19+070426.6,1237660412114043057,0.73
SDSS J165547.13+391837.8,1237654952670069124,0.71
SDSS J082855.64+283858.7,1237660765373399239,0.55
SDSS J134415.92+575559.8,1237655107845882059,0.55
SDSS J125416.38-020204.3,1237650762396467332,0.71
SDSS J101439.33+561010.4,1237655108370628619,0.64
SDSS J073902.70+375057.2,1237651192423776657,0.63
SDSS J143651.28+055740.3,1237655743479480565,0.8
SDSS J092840.64+461611.5,1237657401346949187,0.63
SDSS J121728.07+673332.3,1237658608759668859,0.81
SDSS J144519.01+490734.3,1237659119861760032,0.57
SDSS J170104.27+332830.8,1237655374650999246,0.57
SDSS J082848.52+285513.7,1237660962934816961,0.82
SDSS J101408.05+100854.0,1237661064417968142,0.84
SDSS J145659.86+094433.3,1237662199355801665,0.76
SDSS J154254.60+063455.7,1237662238025318746,0.5
SDSS J154535.35-002936.4,1237648720718529014,0.82
SDSS J112917.92-014228.8,1237650371552346120,0.68
SDSS J111403.95+672210.2,1237651539783254273,0.74
SDSS J011020.79-093410.3,1237652900755669126,0.59
SDSS J012801.28-092829.4,1237652900757635143,0.81
SDSS J214607.86+010343.6,1237656239009366262,0.77
SDSS J095057.39+434111.7,1237657874331730019,0.57
SDSS J120119.84+541403.6,1237658800963059796,0.55
SDSS J102547.75+134456.8,1237661070324858902,0.64
SDSS J124404.02+090347.9,1237662236395307144,0.81
SDSS J211627.64-004935.3,1237663456703545733,0.59
SDSS J094953.04+001854.1,1237648721753342172,0.58
SDSS J031318.04-072942.3,1237649962454417519,0.84
SDSS J085004.91+491449.9,1237653613182124248,0.84
SDSS J143450.62+033842.5,1237654879664931054,0.82
SDSS J162627.34+440646.2,1237655349968568583,0.6
SDSS J110221.96+060438.0,1237658422482501786,0.67
SDSS J103155.99+504105.8,1237658800420028565,0.77
SDSS J095831.90+361513.8,1237661137421533188,0.7
SDSS J095749.08+514916.2,1237657770709680183,0.82
SDSS J161811.83+400541.1,1237661388689506406,0.57
SDSS J110155.48+115054.2,1237661812803371137,0.6
SDSS J155528.21+341040.2,1237661465987448992,0.69
SDSS J143629.50+095617.7,1237661949195518156,0.68
SDSS J142131.91+380706.3,1237662194536808486,0.68
SDSS J134722.89+080416.6,1237662262165831805,0.52
SDSS J093911.95+650608.8,1237663531339940075,0.58
SDSS J212049.32+004528.3,1237663544215470573,0.75
SDSS J235020.69-002434.7,1237663783659438304,0.68
SDSS J075318.91+501107.8,1237663787417534919,0.68
SDSS J121012.30+320137.3,1237665226230792339,0.82
SDSS J100049.35+534655.5,1237658302202314903,0.72
SDSS J021203.22+140615.0,1237653652922695981,0.81
SDSS J165755.34+402217.5,1237654953743483251,0.56
SDSS J164410.81+394719.6,1237655128767594732,0.56
SDSS J111340.96+473442.2,1237658611443761178,0.67
SDSS J171438.25+280714.9,1237659327109595610,0.84
SDSS J081915.52+244733.5,1237661125611618393,0.68
SDSS J134142.24+405228.0,1237662195070075019,0.76
SDSS J162354.39+400835.6,1237659330314829940,0.69
SDSS J111845.20+151014.3,1237664132632412195,0.74
SDSS J114051.04+334122.4,1237665023827771521,0.6
SDSS J144406.38+290606.1,1237665128020639841,0.83
SDSS J143835.24+282733.6,1237665180596830257,0.74
SDSS J144406.29+260111.4,1237665350245417181,0.71
SDSS J142125.07+270716.4,1237665442597437500,0.7
SDSS J115101.62+290146.8,1237667210526654502,0.67
SDSS J111543.43+220507.6,1237667735576117291,0.7
SDSS J125947.33+214847.5,1237667782301909080,0.7
SDSS J104743.55+175328.4,1237668288549552288,0.66
SDSS J214923.92+044329.8,1237669761182793799,0.84
SDSS J095922.62+155452.7,1237670964315947160,0.79
SDSS J133851.85+475216.4,1237661150844289222,0.73
SDSS J112000.06+120159.9,1237661949711286485,0.69
SDSS J165717.01+251300.3,1237662302451794579,0.7
SDSS J153533.83+361435.6,1237662337325990187,0.84
SDSS J123906.26-023029.5,1237650370486206580,0.51
SDSS J115150.17+350824.5,1237665025439432910,0.58
SDSS J142502.96+274526.7,1237665329327440040,0.74
SDSS J091342.73+165918.3,1237667536928505935,0.67
SDSS J134317.68+240656.8,1237667912212152434,0.64
SDSS J090104.31+331500.9,1237664869210718388,0.73
SDSS J084252.67+250413.4,1237664875657232593,0.53
SDSS J151457.41+255343.6,1237665101143277691,0.78
SDSS J141114.58+321304.0,1237665129090973957,0.52
SDSS J120050.50+315242.3,1237665226229940380,0.82
SDSS J135825.68+240926.2,1237665567678660640,0.54
SDSS J155939.67+332700.2,1237661465987907705,0.77
SDSS J102341.22+415512.0,1237661851996979457,0.53
SDSS J132105.22+422655.6,1237661968508780612,0.73
SDSS J123452.13+145841.4,1237662525767417917,0.59
SDSS J073132.00+452533.0,1237663917872972329,0.67
SDSS J103751.81+334850.1,1237664877809107013,0.68
SDSS J011718.19-100756.7,1237652946923356305,0.5
SDSS J085951.79+494610.6,1237653612109037665,0.84
SDSS J121058.75+431457.8,1237662195599540321,0.74
SDSS J211318.75-000955.0,1237663543140876807,0.82
SDSS J075302.10+530123.1,1237663789029261415,0.67
SDSS J121333.02+142900.1,1237664289927725271,0.6
SDSS J122921.22+144721.5,1237664290466300056,0.62
SDSS J092056.12+300759.6,1237664667892318324,0.66
SDSS J145313.95+231847.6,1237665533326262453,0.52
SDSS J132336.84+062424.3,1237661970655609043,0.76
SDSS J130340.80+512942.2,1237662301355704382,0.74
SDSS J110826.30+361036.4,1237664338249580555,0.83
SDSS J134517.15+052229.4,1237664816062267523,0.74
SDSS J152352.73+233251.2,1237665372792553640,0.8
SDSS J111250.41+280414.2,1237667252935590043,0.53
SDSS J115039.48+205426.3,1237667917027934397,0.71
SDSS J162850.16+395006.3,1237655471820701754,0.79
SDSS J133813.04+324922.3,1237665024375390286,0.77
SDSS J125446.39+352417.8,1237665025981939726,0.53
SDSS J092004.33+270322.7,1237665098999464160,0.5
SDSS J120615.62+315804.2,1237665226230464614,0.68
SDSS J154255.20+220745.1,1237665373331456245,0.75
SDSS J074457.44+285539.0,1237657119478055255,0.59
SDSS J144021.39+232913.3,1237665532251210037,0.55
SDSS J105729.50+233522.6,1237667538013257850,0.81
SDSS J120612.10+211334.3,1237667781222727796,0.6
SDSS J132639.91+195640.7,1237668272971841620,0.59
SDSS J110357.74+135901.8,1237661069255180430,0.57
SDSS J153959.89+442757.5,1237661386538483870,0.72
SDSS J164152.24+244409.2,1237661464919736636,0.65
SDSS J110403.22+433216.2,1237661872934486174,0.81
SDSS J154003.77+083023.2,1237661950276141095,0.84
SDSS J074225.14+453057.3,1237663915725881595,0.84
SDSS J095851.32+320422.9,1237664870826639426,0.79
SDSS J130850.46+320953.7,1237665227309973601,0.73
SDSS J095456.45+162722.6,1237670965389295786,0.77
SDSS J141031.63+385336.7,1237662194535760021,0.61
SDSS J082443.00+541327.2,1237663530259972153,0.84
SDSS J094643.17+650258.2,1237663547446395020,0.79
SDSS J104450.99+353605.9,1237664338784354473,0.77
SDSS J152645.79+290328.9,1237664854724247852,0.84
SDSS J133829.70+305912.8,1237665330396528725,0.76
SDSS J094629.93+253227.6,1237667255611490488,0.8
SDSS J090015.21+172432.8,1237667429017452676,0.74
SDSS J131716.74+204127.5,1237667781230002205,0.8
SDSS J142408.38+210518.5,1237667910605799685,0.84
SDSS J162836.03+243319.8,1237662666962895218,0.8
SDSS J140649.09+334618.3,1237662683607400528,0.76
SDSS J074440.61+440839.8,1237663530254729473,0.77
SDSS J083127.05+605942.7,1237663789033390247,0.66
SDSS J075137.71+502426.1,1237663916801851543,0.83
SDSS J130727.96+522417.9,1237661959367098454,0.74
SDSS J083032.70+425928.1,1237673705582297345,0.56
SDSS J131930.17+072849.4,1237661976016781419,0.77
SDSS J115909.71+000006.7,1237674650465468497,0.53
SDSS J210729.77+092113.6,1237678877781262940,0.61
SDSS J020820.18+011103.3,1237680099167174698,0.69
SDSS J144933.81+134825.0,1237668349212885199,0.8
SDSS J012444.37-085036.6,1237670957323714666,0.58
SDSS J002947.85-001444.8,1237663783663763518,0.8
SDSS J132653.26+374630.7,1237664293685493895,0.84
SDSS J161148.16+165227.2,1237665428646593065,0.6
SDSS J092628.27+220510.7,1237667210512105643,0.54
SDSS J110941.81+281510.8,1237667253472198820,0.53
SDSS J114046.67+174745.2,1237668496318464133,0.61
SDSS J130514.93+172820.5,1237668624627793949,0.78
SDSS J001617.85-090802.9,1237672796109144083,0.74
SDSS J124807.09+201138.4,1237667915960090731,0.71
SDSS J154034.69+164225.1,1237668336858104127,0.69
SDSS J152136.81+111526.7,1237668348142747858,0.55
SDSS J120035.43+180113.1,1237668496320495745,0.82
SDSS J102346.35+604507.2,1237668670253564040,0.79
SDSS J075843.74+324419.5,1237674288071573992,0.77
SDSS J225329.44+313842.7,1237680329487745315,0.79
SDSS J091142.55+174543.7,1237667538002182291,0.57
SDSS J101931.42+192417.0,1237667782285525074,0.84
SDSS J103105.44+201840.4,1237667782823641246,0.83
SDSS J161652.12+145716.4,1237665549439270941,0.6
SDSS J105314.67+255349.9,1237667323248509040,0.67
SDSS J141333.34+160735.6,1237668350282694805,0.51
SDSS J132333.15+401405.3,1237661965824819328,0.82
SDSS J151930.20+051540.9,1237662267538080034,0.8
SDSS J170459.90+231008.5,1237662302452974056,0.62
SDSS J132317.96+523906.6,1237662303504433160,0.52
SDSS J154340.91+393225.2,1237662500004495486,0.5
SDSS J161818.58+313609.4,1237662504296186064,0.83
SDSS J094423.49+111352.7,1237664105240068121,0.66
SDSS J161934.31+190956.9,1237665102224162871,0.53
SDSS J010049.28-101754.2,1237652946921586759,0.51
SDSS J113245.26+250256.6,1237667912199176251,0.76
SDSS J112204.69+190300.1,1237668293373526061,0.67
SDSS J145911.08+163454.5,1237667733988573424,0.51
SDSS J121938.97+220909.0,1237667782297845888,0.71
SDSS J121808.47+244117.9,1237667911129956357,0.79
SDSS J132122.22+235637.5,1237667911136247912,0.7
SDSS J142753.66+164939.5,1237668297680552279,0.52
SDSS J231517.27+190230.3,1237672815977496655,0.79
SDSS J153858.15+162717.5,1237668336321102011,0.78
SDSS J232311.76+145405.1,1237672763908096254,0.55
SDSS J003821.21+000620.1,1237663784201617558,0.56
SDSS J115524.71+391324.3,1237664667906670716,0.51
SDSS J161832.76+352910.3,1237665356156960828,0.78
SDSS J151343.89+190434.0,1237665566612848729,0.61
SDSS J093635.36+010659.8,1237651752920875095,0.81
SDSS J153957.77-005433.7,1237655499751883263,0.6
SDSS J131047.02+500534.3,1237658205588815878,0.55
SDSS J160305.04+050628.0,1237655745099465152,0.71
SDSS J092424.48+481045.7,1237657633261617272,0.72
SDSS J114845.95+082936.9,1237658425171902636,0.6
SDSS J114548.47+102836.8,1237658493351559292,0.56
SDSS J151646.79+085620.2,1237661949736779946,0.71
SDSS J141258.55+095515.9,1237662239089229844,0.64
SDSS J170123.54+245009.0,1237662302989058627,0.82
SDSS J111143.39+535918.5,1237658802033655880,0.62
SDSS J082244.95+241748.8,1237664094508089383,0.72
SDSS J132237.70+321439.4,1237665227848089711,0.83
SDSS J134841.29+281332.0,1237665442057420854,0.68
SDSS J114200.54+265452.6,1237667322716422178,0.79
SDSS J133951.60+223853.9,1237667446201057356,0.68
SDSS J132257.89+251454.6,1237667448883576967,0.54
SDSS J082255.52+133722.2,1237667537996742736,0.55
SDSS J102153.47+165904.5,1237668288546865291,0.83
SDSS J115417.86+675752.8,1237671750290047062,0.79
SDSS J141508.58-004658.7,1237674603216699610,0.82
SDSS J111056.27+465638.6,1237660636535914618,0.84
SDSS J080724.84+391140.0,1237654653636051007,0.82
SDSS J153618.42+053955.3,1237662268613591175,0.53
SDSS J141801.72+244923.8,1237665549963165969,0.65
SDSS J102853.89+195020.2,1237667782286508062,0.82
SDSS J084515.98+274925.2,1237661124540760221,0.81
SDSS J084824.65+181952.0,1237667210507911184,0.52
SDSS J115610.77+045943.3,1237671128591302990,0.77
SDSS J102546.26+134300.6,1237661070324858896,0.81
SDSS J141954.49+515340.3,1237659133281697905,0.84
SDSS J081529.26+324139.7,1237657775537848470,0.78
SDSS J113241.54+202619.1,1237667916489228329,0.66
SDSS J134158.52+465227.6,1237661435925037320,0.5
SDSS J132132.18+121115.8,1237671991336304708,0.79
SDSS J113913.91+335551.1,1237665127466532867,0.8
SDSS J130736.97+621257.2,1237655370364223569,0.56
SDSS J151108.49+103213.2,1237662636370100369,0.56
SDSS J163833.45+453745.0,1237651714798911731,0.83
SDSS J135725.03+172428.1,1237668270827700227,0.8
SDSS J081509.80+032753.6,1237654602625712178,0.55
SDSS J110131.49+014527.1,1237651735750574169,0.52
SDSS J151227.50+203906.5,1237665531717812578,0.72
SDSS J110127.53+274857.9,1237667210521870452,0.62
SDSS J103952.47+205049.3,1237667735572381852,0.61
SDSS J232607.05+154642.9,1237652944782360752,0.69
SDSS J121049.60+392822.1,1237664667907981318,0.79
SDSS J103408.67+194215.4,1237667781750161488,0.72
SDSS J152746.95+144845.9,1237668365310689593,0.79
SDSS J121035.57-001017.3,1237648721231872184,0.73
SDSS J121836.48+512452.9,1237657627918532628,0.64
SDSS J120541.89+580259.8,1237661353780183147,0.82
SDSS J154844.37+123355.8,1237668271913369634,0.73
SDSS J094234.39+061638.4,1237674460955082880,0.8
SDSS J170616.20+382331.8,1237654954281468122,0.8
SDSS J114003.39+411503.5,1237661966353104935,0.61
SDSS J101511.43+564019.5,1237655108907565214,0.74
SDSS J094931.47+351552.8,1237661382236110866,0.84
SDSS J123018.21+510851.2,1237658206122868843,0.58
SDSS J135649.14+255457.2,1237665549961068553,0.77
SDSS J085509.01+522813.6,1237651250412847198,0.57
SDSS J114137.92+375931.6,1237664339326337046,0.55
SDSS J032805.51+000119.0,1237663238739787947,0.64
SDSS J150138.80+102513.4,1237661950808752330,0.76
SDSS J123303.77+524212.6,1237657857148977235,0.82
SDSS J105514.14+484327.5,1237658205579247629,0.74
SDSS J142711.81-021544.6,1237655498670211218,0.78
SDSS J142808.09+464203.3,1237662300825190566,0.81
SDSS J110916.94+213224.8,1237667782827573327,0.74
SDSS J110026.57+095710.8,1237658493346644179,0.82
SDSS J103135.16+002831.3,1237654670812774584,0.8
SDSS J082411.59+375113.3,1237657606961627255,0.75
SDSS J120923.22+505647.9,1237658614132244552,0.57
SDSS J095621.09+502240.9,1237657632190300243,0.69
SDSS J110725.01+543127.1,1237658803107201032,0.77
SDSS J083027.24+210943.7,1237664834852552731,0.56
SDSS J112626.67+351958.3,1237665026510946316,0.64
SDSS J144904.89+164406.3,1237668298756456539,0.63
SDSS J133913.90+441503.5,1237661874020352114,0.8
SDSS J144614.98+160545.2,1237668271906553962,0.54
SDSS J123443.54+090016.8,1237662236394258511,0.66
SDSS J154601.82+050813.2,1237662262178807906,0.77
SDSS J080219.11+512147.9,1237663548511748377,0.69
SDSS J150727.12+031209.8,1237654879668535310,0.82
SDSS J093800.20+295638.7,1237664835933962342,0.6
SDSS J161955.21+192741.0,1237665231596159442,0.76
SDSS J121010.75+491709.6,1237658611984760973,0.58
SDSS J142737.14+402426.3,1237661872950804706,0.57
SDSS J104710.75+025949.2,1237654030861205613,0.53
SDSS J015129.92+130754.1,1237649918971216048,0.74
SDSS J124114.11+264410.0,1237667322185318500,0.58
SDSS J151838.08+261106.1,1237665128024178909,0.59
SDSS J114820.81+062042.3,1237661970108383351,0.84
SDSS J161513.91+210802.1,1237665232669114775,0.65
SDSS J140430.24+050629.4,1237651823244148744,0.77
SDSS J110306.58+032830.5,1237654599959642260,0.76
SDSS J115122.69+532639.0,1237657858220032048,0.71
SDSS J134105.20+050620.8,1237664814988263512,0.77
SDSS J113836.50+051137.5,1237654605868957851,0.52
SDSS J132933.60+574605.0,1237658310797623328,0.56
SDSS J103321.03+023658.0,1237651736821235745,0.64
SDSS J015148.50+001549.7,1237657071159345288,0.54
SDSS J115905.67+582035.5,1237661354316726385,0.57
SDSS J114726.09+434531.0,1237661849856245781,0.77
SDSS J080611.21+123236.6,1237667429548228801,0.69
SDSS J123543.75+431719.9,1237661968505110652,0.51
SDSS J142917.12+203916.3,1237667910606389510,0.69
SDSS J115933.12+065053.5,1237671141484396629,0.75
SDSS J171748.53+580319.0,1237651226246185348,0.53
SDSS J123931.10+423536.9,1237661967431696433,0.7
SDSS J163602.30+262141.1,1237662337333133614,0.64
SDSS J154433.85+101735.3,1237662637984317451,0.67
SDSS J085240.40+212520.6,1237667142327140416,0.72
SDSS J100404.79+450206.0,1237658205038182503,0.56
SDSS J150149.41+622906.4,1237651539793674325,0.51
SDSS J094855.47+132714.5,1237671260667838603,0.74
SDSS J112043.73+073750.7,1237658424095146073,0.52
SDSS J090649.88+484620.8,1237654652568535255,0.61
SDSS J075911.76+314828.3,1237657593536643182,0.82
SDSS J004149.29-002437.4,1237663783665074262,0.79
SDSS J090555.47+071202.4,1237658493334257696,0.78
SDSS J152525.65+384822.8,1237662503216808090,0.77
SDSS J110432.18+170740.4,1237668496314662949,0.82
SDSS J085828.60+003813.6,1237674462023385325,0.62
SDSS J075401.32+455214.8,1237651274030645629,0.63
SDSS J110623.94+453040.2,1237660634924777588,0.63
SDSS J121308.62+384508.6,1237662223530065953,0.61
SDSS J123741.19+264227.5,1237667322184990792,0.84
SDSS J133342.91+165730.1,1237668624630808586,0.53
SDSS J090901.02+321658.9,1237661383842856977,0.8
SDSS J114849.72+214523.3,1237667734505717819,0.6
SDSS J092600.67+292841.3,1237664879412773058,0.82
SDSS J140045.79+300433.5,1237665330398691353,0.53
SDSS J102703.94+160104.5,1237668496310665412,0.66
SDSS J150447.51+352159.8,1237662195614482589,0.7
SDSS J101721.33+534745.7,1237657771248058483,0.84
SDSS J105633.01+095602.1,1237658493346250798,0.51
SDSS J135517.56+090004.6,1237662237476716606,0.64
SDSS J145051.29+254751.6,1237665178450854049,0.74
SDSS J153208.96+020829.7,1237655469674660139,0.63
SDSS J120428.93+300530.8,1237667211601707116,0.58
SDSS J120545.49+310331.6,1237667255625121798,0.53
SDSS J121559.65+651309.3,1237651066816168026,0.79
SDSS J080758.11+051223.6,1237661064404140092,0.77
SDSS J210444.88-001256.9,1237663457239171628,0.79
SDSS J163134.53+403356.1,1237655472894312565,0.59
SDSS J130801.65+264555.3,1237667322724810814,0.84
SDSS J114745.98-031911.6,1237650369406894091,0.81
SDSS J152612.53+322745.1,1237662341082579161,0.6
SDSS J083534.43+524720.0,1237651272424226981,0.68
SDSS J141215.67+243948.1,1237665531711520970,0.69
SDSS J143657.08+414941.2,1237661434319208510,0.76
SDSS J091506.30-004306.2,1237650795143037000,0.62
SDSS J213709.37-073641.7,1237652935109902464,0.74
SDSS J142433.17+011038.3,1237651735235919946,0.68
SDSS J113613.98-025213.7,1237671142016352274,0.54
SDSS J153754.63+161842.4,1237665565541924998,0.83
SDSS J114909.93+554157.0,1237658803109822494,0.81
SDSS J160505.14+452634.7,1237659327099896118,0.7
SDSS J093830.64+515917.7,1237655107293937795,0.7
SDSS J162214.08+375009.8,1237659162813595823,0.81
SDSS J113751.35+053026.2,1237655126078652447,0.81
SDSS J154001.08+074907.8,1237662198823649660,0.67
SDSS J152114.23+414333.3,1237662498928656601,0.81
SDSS J114855.89+155324.3,1237661070870577240,0.82
SDSS J114859.46+350057.7,1237665025439170633,0.77
SDSS J160010.59+045326.1,1237655744562266475,0.73
SDSS J161056.84+355910.7,1237662501081055264,0.82
SDSS J135909.40+165002.7,1237668350818058343,0.74
SDSS J215206.69+124032.0,1237656496173810113,0.76
SDSS J130243.57+153024.2,1237664291543580680,0.75
SDSS J012649.70-005830.9,1237657069546045446,0.52
SDSS J160235.21+135630.3,1237668367461843264,0.75
SDSS J093724.55+483055.6,1237657632188727350,0.79
SDSS J154331.66+171846.4,1237665548361859225,0.79
SDSS J114331.21+193740.0,1237667915416600783,0.59
SDSS J085056.60+362007.2,1237658192151118003,0.55
SDSS J102633.65+470921.1,1237658205577019422,0.72
SDSS J125524.84+521603.7,1237661958829441105,0.53
SDSS J094920.39+432634.9,1237657874331598896,0.68
SDSS J100746.62+292015.9,1237665096856633463,0.65
SDSS J161647.49+192828.7,1237665231059026263,0.84
SDSS J114358.95+200437.2,1237667915953537031,0.5
SDSS J135851.07+260624.4,1237665532783820985,0.8
SDSS J114430.51+070337.5,1237661971181731848,0.65
SDSS J205222.37+000432.5,1237656568649220114,0.82
SDSS J082457.53+295320.8,1237660635983184083,0.64
SDSS J161301.62+371714.9,1237659154216255572,0.83
SDSS J125813.56+262536.7,1237667322187022354,0.55
SDSS J154545.54+035457.0,1237655742950146456,0.66
SDSS J113753.59+555941.3,1237661351630995581,0.76
SDSS J105843.64+553552.3,1237657611799298256,0.71
SDSS J142607.58+192300.1,1237667735058645079,0.63
SDSS J130558.70+252756.4,1237667912745287800,0.83
SDSS J110314.58+034329.1,1237654604254478397,0.51
SDSS J082902.92+205305.2,1237664834852356341,0.84
SDSS J165118.23+252652.9,1237662301377593547,0.82
SDSS J102121.49+160651.7,1237671262281990326,0.77
SDSS J081511.40+480319.3,1237651271884865709,0.82
SDSS J114905.03+132140.6,1237661813882159264,0.52
SDSS J105000.97+203422.8,1237667782288670795,0.62
SDSS J120719.81+241155.8,1237667910591971360,0.8
SDSS J125457.73+194052.5,1237668271894888663,0.55
SDSS J164924.10+225629.1,1237662336798228640,0.71
SDSS J111628.06+291936.1,1237667254546661507,0.66
SDSS J111103.13+045211.8,1237654601571172425,0.55
SDSS J141848.49+105037.7,1237661949730422942,0.8
SDSS J093356.87+513144.5,1237655107293544510,0.8
SDSS J160332.58+172845.9,1237665533333864604,0.66
SDSS J075611.33+452905.0,1237651273493708922,0.67
SDSS J084402.64+551354.0,1237660936627617911,0.77
SDSS J220315.99+003415.9,1237663479794565234,0.82
SDSS J135531.29+264749.8,1237665427558432849,0.53
SDSS J115439.33+202243.0,1237668298738368654,0.62
SDSS J075719.71+111221.8,1237670359786389605,0.63
SDSS J220103.72+130103.8,1237656242770018772,0.77
SDSS J103752.44+104530.0,1237661949169828010,0.65
SDSS J114236.10+070342.2,1237661971181469852,0.61
SDSS J154150.35+055113.4,1237662269151052164,0.75
SDSS J163414.47+263413.1,1237662337332937075,0.71
SDSS J102011.07+274901.3,1237667255614963752,0.62
SDSS J083727.81+411852.6,1237657594615758914,0.79
SDSS J140658.93+123338.8,1237662635826348052,0.74
SDSS J131650.17-030345.7,1237650760788344848,0.69
SDSS J082210.68+031605.0,1237654606384398479,0.81
SDSS J150753.32+104708.8,1237662636369772600,0.82
SDSS J171159.70+232247.8,1237659120415473786,0.8
SDSS J131432.45+304220.8,1237665225699950667,0.6
SDSS J143107.76+230211.9,1237665531176616176,0.56
SDSS J125348.60+293518.1,1237667254019031139,0.76
SDSS J091618.74+285320.7,1237664091829240031,0.71
SDSS J142838.90+101217.8,1237661949194666111,0.75
SDSS J093753.57+665244.6,1237663787426840729,0.79
SDSS J075504.65+494123.5,1237663915727978555,0.72
SDSS J154440.27+045833.1,1237662268077703484,0.78
SDSS J034352.46+003651.6,1237663239278428399,0.78
SDSS J015224.29-010830.3,1237663782599065647,0.64
SDSS J131944.13+320553.0,1237665330931630174,0.62
SDSS J094822.63+233749.3,1237667431707312371,0.75
SDSS J121045.51+155154.5,1237661070872871019,0.73
SDSS J110552.84+423209.8,1237661849852903489,0.84
SDSS J130637.24+420252.2,1237661967433924692,0.67
SDSS J154346.05+282454.8,1237662225696948435,0.67
SDSS J012528.29+004411.7,1237663204923539501,0.72
SDSS J020939.45-004506.1,1237663783137837250,0.83
SDSS J095341.00+111220.6,1237664104704180338,0.7
SDSS J225224.77-095842.0,1237656537515688093,0.73
SDSS J124613.32+350606.1,1237665025444282510,0.59
SDSS J133018.78+323052.0,1237665126939820138,0.6
SDSS J092331.50+242644.4,1237667142330548371,0.54
SDSS J141229.87+213551.5,1237667910604619925,0.62
SDSS J082633.01+405038.5,1237657609110225023,0.62
SDSS J152249.75+080454.0,1237662198284943615,0.63
SDSS J131721.28+310334.1,1237665226237083703,0.72
SDSS J162317.80+371255.9,1237665355083940130,0.52
SDSS J113145.63+262831.9,1237667429570117805,0.64
SDSS J124728.13+030219.5,1237671763714179127,0.66
SDSS J151422.21+221735.0,1237665441529397271,0.68
SDSS J091322.01+230441.9,1237667141792497802,0.81
SDSS J112926.53+280455.5,1237667431717470367,0.54
SDSS J105118.51+223405.3,1237667536938860650,0.69
SDSS J155910.10-003602.2,1237668649315074455,0.52
SDSS J113550.63-030544.5,1237671142016221234,0.6
SDSS J080416.02+083844.1,1237671262267048405,0.57
SDSS J134151.95+092600.4,1237662263775789142,0.76
SDSS J155038.92+202322.2,1237665372258762795,0.57
SDSS J141752.50+264526.9,1237665442060304565,0.74
SDSS J080740.97+145635.7,1237667254526673339,0.65
SDSS J092706.61+093319.4,1237661065486663829,0.68
SDSS J122001.32+083628.0,1237661977084035257,0.54
SDSS J130650.21+393109.4,1237662225145200838,0.7
SDSS J032730.80-010739.8,1237663237129109642,0.69
SDSS J111017.23+290240.0,1237667211596529714,0.7
SDSS J145348.78+172651.8,1237667734524788779,0.61
SDSS J073935.36+374505.4,1237651192423776639,0.8
SDSS J002556.06+153815.1,1237653652911423584,0.74
SDSS J080754.63+141043.7,1237667253452800073,0.81
SDSS J105558.86+535019.2,1237657591391781033,0.77
SDSS J091929.51+341810.2,1237661139565478043,0.81
SDSS J120431.24+221835.1,1237667735044161703,0.54
SDSS J084056.51+525616.3,1237651700840923298,0.62
SDSS J005008.65-100615.7,1237652947457278052,0.64
SDSS J162024.12+461700.1,1237655129301057728,0.77
SDSS J145603.15+200504.4,1237667967494848667,0.75
SDSS J134321.65+175708.7,1237668297139027991,0.67
SDSS J225903.27+130235.7,1237656494033403982,0.54
SDSS J225902.32+134848.6,1237656495107211292,0.82
SDSS J095509.80+063256.5,1237658300066693190,0.72
SDSS J082020.67+275618.5,1237660765909418235,0.56
SDSS J135159.87+480714.2,1237661151918948460,0.62
SDSS J164438.28+204205.5,1237662341091754291,0.64
SDSS J124101.61+361527.4,1237664671640387648,0.58
SDSS J150247.19+284157.1,1237665103289188541,0.84
SDSS J155707.91+533240.0,1237654948377002115,0.72
SDSS J125104.29+412325.7,1237662193455333426,0.76
SDSS J131949.94+520341.2,1237661959367884882,0.68
SDSS J080957.72+184102.5,1237664835387064413,0.64
SDSS J144414.93+030141.8,1237654879129108547,0.5
SDSS J113300.48+013139.5,1237654028718702733,0.75
SDSS J171240.36+331646.5,1237655504035774790,0.62
SDSS J104951.04+395216.5,1237661382778552451,0.59
SDSS J124145.94+571537.2,1237661387062116481,0.66
SDSS J113007.72+440743.0,1237661850928676917,0.81
SDSS J155035.11+092127.7,1237662534360367261,0.82
SDSS J092306.49+195408.8,1237667429556945046,0.81
SDSS J113301.14+185057.5,1237668292837769304,0.69
SDSS J022142.76-072842.7,1237679338958356564,0.54
SDSS J074623.85+272017.2,1237657776607986184,0.56
SDSS J104938.99+445155.3,1237661357000622104,0.75
SDSS J151002.12+190137.1,1237667967496356019,0.84
SDSS J085804.94+552032.0,1237651252561313850,0.75
SDSS J001543.66-105018.4,1237652946379866233,0.56
SDSS J145714.15+530907.3,1237659325483450464,0.79
SDSS J115911.09+175931.9,1237668496320364686,0.82
SDSS J073535.60+415748.7,1237673706651648260,0.82
SDSS J085149.59+424717.7,1237657769629647050,0.66
SDSS J082426.80+261014.6,1237661126149275951,0.8
SDSS J100736.59+143701.8,1237671261206741016,0.69
SDSS J105851.08+064349.7,1237658298999898164,0.68
SDSS J153915.27+460757.9,1237659163345485991,0.77
SDSS J043632.12+251239.7,1237660759999382270,0.58
SDSS J133236.72+102214.7,1237662264848547917,0.55
SDSS J153419.94+092521.4,1237662636372656285,0.84
SDSS J021401.83-005838.8,1237680000377618548,0.68
SDSS J103631.87+022144.1,1237651754001170530,0.71
SDSS J103307.70+534317.0,1237657220411490413,0.81
SDSS J135220.38+074758.1,1237661972806172736,0.67
SDSS J163513.82+130044.8,1237665440464962048,0.82
SDSS J083539.96+462928.1,1237654381974323238,0.71
SDSS J140452.66+213800.5,1237667910066962490,0.58
SDSS J162558.79+435745.5,1237655474503483511,0.79
SDSS J123325.55+131359.2,1237661950792892420,0.84
SDSS J130921.94+512724.9,1237661958293553267,0.5
SDSS J025024.45+010450.8,1237678437017649391,0.57
SDSS J140309.85+121013.4,1237662200423710795,0.81
SDSS J152201.85+375931.9,1237662337324613688,0.75
SDSS J223013.21+001342.3,1237663543686136146,0.72
SDSS J125029.82+313625.5,1237665329318330493,0.6
SDSS J084631.82+205049.3,1237667108502831282,0.58
SDSS J150137.33+200521.6,1237667968032243900,0.77
SDSS J150810.91+141603.7,1237668310013247507,0.6
SDSS J212927.50+000158.4,1237663457778729147,0.82
SDSS J135653.33+200833.6,1237667734518759621,0.84
SDSS J212809.81+010827.9,1237678617938100369,0.57
SDSS J234113.33-105930.1,1237652899135488125,0.84
SDSS J112425.58+642118.6,1237654399690408050,0.61
SDSS J142549.70-015800.2,1237655692474646534,0.81
SDSS J162358.27+214913.7,1237662224628122073,0.84
SDSS J155725.27+244332.1,1237662698111238318,0.58
SDSS J102826.88+124222.3,1237664131016360008,0.77
SDSS J100815.73+302239.4,1237665097930571888,0.83
SDSS J085958.30+174909.9,1237667292113797163,0.83
SDSS J150457.27+161824.9,1237667733989163358,0.71
SDSS J103520.27+454440.4,1237658611440746594,0.55
SDSS J114117.80+474114.3,1237661358078427201,0.8
SDSS J102020.72+093630.3,1237658493879255107,0.73
SDSS J084900.22+461503.2,1237654652566831159,0.6
SDSS J090902.36+645330.1,1237663917346455790,0.72
SDSS J145659.93+313308.5,1237664854184362065,0.78
SDSS J161412.78+295450.8,1237662336793640993,0.56
SDSS J113236.40+180835.0,1237668496854483093,0.77
SDSS J101744.17+164836.4,1237668288546406520,0.84
SDSS J171101.07+564529.7,1237651211214192954,0.55
SDSS J160440.01+322853.1,1237662337866006586,0.68
SDSS J145853.47+411041.9,1237661362915967139,0.64
SDSS J155839.03+265836.9,1237662305662992637,0.66
SDSS J104739.31+132010.0,1237664131018457113,0.73
SDSS J105228.60+010341.2,1237648722833965080,0.61
SDSS J102750.53+020708.6,1237651736283775094,0.74
SDSS J132856.70+325243.9,1237665023837667346,0.82
SDSS J093018.68+413521.9,1237658205035102389,0.78
SDSS J153546.20+252045.1,1237662695961788698,0.57
SDSS J133426.91+243026.1,1237667448347885671,0.68
SDSS J003910.42+150849.4,1237649920037224568,0.83
SDSS J224110.77-090051.8,1237656538588184652,0.73
SDSS J125654.69+304035.1,1237665443126116543,0.74
SDSS J142416.99+312454.2,1237665129092284429,0.63
SDSS J075957.88+175052.2,1237673807580561918,0.78
SDSS J142151.34+020152.1,1237651736309334061,0.77
SDSS J155634.20+073817.6,1237661950277976520,0.52
SDSS J125518.74+654424.6,1237654611217285265,0.72
SDSS J141055.36-021253.4,1237655494909886606,0.51
SDSS J143740.26+463634.5,1237661958300172366,0.8
SDSS J102601.79+213537.6,1237667536936239205,0.79
SDSS J155531.30+125343.3,1237668272987767022,0.8
SDSS J104054.43+143202.3,1237661070863368210,0.5
SDSS J085056.78+291200.6,1237661125078417428,0.77
SDSS J124931.87+255946.8,1237667448880234544,0.77
SDSS J081950.77+244716.2,1237661086956716123,0.64
SDSS J005547.29-101815.8,1237652946921062511,0.52
SDSS J100620.17+030728.2,1237654599953481746,0.51
SDSS J162818.43+334748.7,1237659119872442529,0.82
SDSS J084540.59+072628.3,1237661064945205483,0.67
SDSS J102204.70+124110.0,1237664105244131410,0.64
SDSS J170416.87+310344.6,1237655373578305720,0.55
SDSS J084544.35+194233.6,1237667255068000347,0.56
SDSS J132306.12+055034.3,1237655126626926710,0.59
SDSS J143119.21+535509.6,1237661418750542072,0.84
SDSS J154059.58+512616.1,1237655465391882400,0.74
SDSS J130118.37+480330.4,1237661362906398756,0.51
SDSS J104427.89+365856.7,1237664667900444798,0.6
SDSS J111254.31+280002.7,1237667252935590063,0.59
SDSS J141548.07+405928.1,1237661850941915188,0.75
SDSS J092915.75+624052.9,1237663529728278610,0.65
SDSS J132626.11+321726.1,1237665331469090928,0.68
SDSS J105914.00+180245.3,1237668292834295880,0.8
SDSS J123130.38+654549.4,1237651067353694273,0.67
SDSS J143032.72+015111.7,1237651753489924279,0.56
SDSS J075315.97+362931.9,1237654654171218299,0.57
SDSS J115724.06+413729.1,1237661966354546698,0.78
SDSS J135309.99+171956.9,1237668296603205641,0.82
SDSS J081455.56+503945.5,1237651496834105352,0.78
SDSS J225614.78+125302.4,1237656494033141915,0.78
SDSS J143838.26+541640.2,1237659324945268836,0.82
SDSS J100900.14+362354.1,1237661381701009491,0.53
SDSS J165945.75+281545.4,1237661387085316122,0.63
SDSS J030744.81-004847.6,1237663783144194185,0.67
SDSS J105607.77+100117.9,1237671932282863720,0.68
SDSS J111110.94+314355.9,1237665369043959920,0.73
SDSS J111155.52+500501.8,1237657627913879565,0.64
SDSS J151050.79+250026.9,1237665179526561914,0.69
SDSS J152656.42+062134.9,1237662269149413554,0.84
SDSS J162810.49+173825.3,1237671692302745891,0.65
SDSS J111002.32+665916.8,1237651273508192363,0.68
SDSS J010142.46-102811.4,1237652629105213557,0.76
SDSS J134117.30-024303.0,1237655494369738809,0.77
SDSS J222352.34-005217.3,1237656906344562947,0.81
SDSS J074716.35+320450.1,1237657596220408118,0.75
SDSS J120509.52+220028.8,1237667734507356220,0.61
SDSS J155830.63+135957.0,1237665565007413334,0.81
SDSS J222713.40-090215.1,1237652599571939530,0.54
SDSS J131325.85+433214.7,1237661871870902336,0.65
SDSS J115435.67+114951.1,1237661949178085500,0.58
SDSS J123757.31+381858.6,1237664674324414570,0.52
SDSS J115436.69+201028.7,1237667915954585742,0.82
SDSS J110017.84+025554.6,1237651754540662930,0.66
SDSS J041545.00+303701.6,1237660753020846114,0.78
SDSS J115245.95+430241.6,1237662195598098458,0.63
SDSS J131012.35+165608.4,1237668624091447367,0.8
SDSS J140406.03+213234.7,1237667910066897002,0.65
SDSS J152830.19+051109.2,1237655744021987385,0.68
SDSS J114319.69+085754.4,1237660612902453345,0.83
SDSS J150721.96+065157.9,1237662269147316282,0.5
SDSS J145213.49+112021.8,1237662636368068665,0.84
SDSS J145214.21+145034.9,1237668350823694618,0.52
SDSS J120733.77+481746.4,1237661435381219352,0.66
SDSS J101404.46+500733.2,1237657589777956884,0.8
SDSS J094941.43+132645.9,1237671260667904039,0.73
SDSS J134426.41+441620.0,1237661852549709864,0.77
SDSS J100635.76+133630.2,1237671122694045755,0.63
SDSS J003042.90-004807.9,1237663783127023640,0.74
SDSS J124000.50+464424.1,1237661360757407783,0.59
SDSS J124857.77+345207.5,1237665128546566147,0.65
SDSS J130705.64-011036.6,1237648702972297393,0.64
