SDSS_name,objID,NL_pred,env_label
SDSS J134554.23+021502.3,1237651736305402018,0.95,F
SDSS J131958.89+292538.7,1237665429165441133,0.93,Sh
SDSS J090842.74+174226.4,1237667486455693507,0.96,C
SDSS J121422.62+221112.7,1237667782297321518,0.99,F
SDSS J170251.86+222324.6,1237662301379363348,0.87,
SDSS J142912.16+125139.2,1237662530067497067,0.98,C
SDSS J090529.50+281005.3,1237664092365062336,0.98,Sh
SDSS J155706.13+200311.3,1237665372796289066,0.99,
SDSS J125519.99+275200.0,1237667444048265310,0.98,C
SDSS J104250.28+240354.2,1237667539085623427,0.94,C
SDSS J225426.53+011307.9,1237678617410666666,0.98,
SDSS J110112.61+164327.3,1237668495777398919,0.98,F
SDSS J085737.86+122946.9,1237671262809882894,0.98,F
SDSS J123652.95+400754.6,1237662225142644827,0.96,Sh
SDSS J084032.73+593920.3,1237663786885775559,0.91,F
SDSS J135547.69+142520.9,1237664291549151477,0.87,Sh
SDSS J152712.65+283657.0,1237664854187508063,0.9,C
SDSS J153437.48+204409.7,1237665428642398311,0.97,C
SDSS J170008.88+410139.3,1237665569297596730,0.94,
SDSS J113645.52+214236.2,1237667734504472861,0.87,F
SDSS J114222.21+160541.1,1237668494171111501,0.92,Sh
SDSS J165139.23+235820.2,1237661465994396132,0.97,
SDSS J125839.78+525849.5,1237661959903314071,0.97,C
SDSS J104908.91+405851.0,1237662195592855756,0.95,F
SDSS J105313.52+371745.0,1237662224059990124,0.86,F
SDSS J161220.36+230007.2,1237662224090005796,0.86,
SDSS J151010.97+073744.2,1237662238021714231,0.99,C
SDSS J154038.86+072615.3,1237662264862441723,0.91,
SDSS J145001.97+105954.6,1237662635831001282,0.96,F
SDSS J151053.64+205601.7,1237665549431930896,0.99,F
SDSS J102145.25+224100.9,1237667538546524347,0.86,C
SDSS J133538.02+061136.4,1237671958053781518,0.99,C
SDSS J133101.60+373346.4,1237664293685886992,0.91,Sh
SDSS J090804.98+271459.6,1237664836467752982,0.99,F
SDSS J144420.85+283303.5,1237665101140066353,0.96,V
SDSS J143027.21+304549.3,1237665102749106308,0.91,Sh
SDSS J163224.47+133354.5,1237665532263596750,0.88,
SDSS J162126.75+142827.0,1237665549439795506,0.89,
SDSS J122902.62+273825.8,1237667323257880747,0.87,F
SDSS J110728.74+034808.4,1237654604254937251,0.88,F
SDSS J115131.28+235146.2,1237667549276602499,0.98,F
SDSS J115223.51+035827.8,1237654604259852404,0.96,V
SDSS J154548.06+301208.7,1237662341084610920,0.93,
SDSS J122323.84+151018.7,1237662525766238308,0.99,F
SDSS J104311.02+371623.1,1237664668437250202,0.98,F
SDSS J150032.18+271323.2,1237665101141770350,0.95,Sh
SDSS J150653.77+245526.2,1237665178989363322,0.93,F
SDSS J144013.65+195603.1,1237665564998828265,0.98,C
SDSS J143854.74+214118.8,1237665567145984250,0.93,F
SDSS J113120.44+281204.4,1237667209987883063,0.86,F
SDSS J084206.24+304912.1,1237660765374972132,0.95,Sh
SDSS J074824.16+221303.7,1237660959178621012,0.97,
SDSS J082655.84+072501.1,1237661066016915612,0.99,Sh
SDSS J105435.07+110046.6,1237661811728842840,0.97,F
SDSS J121049.28+443045.3,1237661850394951799,0.99,F
SDSS J165554.36+245849.0,1237662301914923465,0.94,
SDSS J001509.48-002159.5,1237663783662190703,0.86,
SDSS J155819.59+042705.4,1237655744025264421,0.9,
SDSS J121053.16+363244.8,1237664817676746832,0.94,F
SDSS J082122.54+205437.9,1237664835925442693,0.91,Sh
SDSS J153507.84+220945.2,1237665535465095478,0.97,Sh
SDSS J154928.18+210202.8,1237665536003539286,0.94,
SDSS J113903.77+262142.2,1237667322179223615,0.99,F
SDSS J114936.69+202359.6,1237668294450151456,0.85,Sh
SDSS J121036.67+190058.2,1237667914345611509,0.96,Sh
SDSS J120432.51+201217.7,1237667915955634275,0.98,F
SDSS J083103.48+394919.7,1237657607499546980,0.94,Sh
SDSS J114603.06+192613.1,1237668293376016565,0.98,F
SDSS J140828.00+155515.3,1237668332561367209,0.97,F
SDSS J113350.44+200135.9,1237667915952488471,0.89,F
SDSS J152328.68+140826.2,1237668271910551868,0.98,F
SDSS J140736.97+160121.3,1237668315384709258,0.9,Sh
SDSS J013627.63-092843.0,1237670956251218098,0.98,
SDSS J210915.57+003124.4,1237678617399132368,0.99,
SDSS J124505.25+122646.9,1237661817096568982,0.95,Sh
SDSS J121203.17+145416.3,1237664290464465055,0.95,F
SDSS J110546.24+303137.4,1237665367969628312,0.99,Sh
SDSS J160614.26+182452.0,1237665372260598068,0.97,
SDSS J135556.15+245703.7,1237665531173011478,0.94,C
SDSS J154711.02+420323.5,1237659120404267024,0.89,
SDSS J011508.33+145403.4,1237666088978022510,0.91,
SDSS J093832.07+235327.3,1237667211587289212,0.99,V
SDSS J111037.80+284554.8,1237667254009200669,0.87,F
SDSS J142430.49+570815.6,1237659146706681899,0.88,Sh
SDSS J121202.59+221636.8,1237667735044948035,0.98,Sh
SDSS J102310.57+133245.8,1237664106318004547,0.98,F
SDSS J082033.24+200642.9,1237664835388309809,0.86,Sh
SDSS J160540.68+154717.0,1237665567692226996,0.97,
SDSS J213353.58-071046.8,1237652600102977894,0.9,
SDSS J080327.64+094235.8,1237667730193580632,0.9,
SDSS J140450.23+161654.0,1237668350281777402,0.99,F
SDSS J115458.04+043938.0,1237674598923370579,0.86,Sh
SDSS J222603.42+011216.7,1237678595932684672,0.99,
SDSS J032219.88+410853.0,1237661059574596006,0.97,
SDSS J104345.01+233915.8,1237667538548818009,0.92,F
SDSS J113115.42+205635.7,1237667781219188826,0.99,F
SDSS J114515.67+192331.5,1237668293375951157,0.97,C
SDSS J021803.84-082705.4,1237670956792610923,0.92,
SDSS J222047.32+141404.4,1237680090574684306,0.94,
SDSS J093844.50+344336.3,1237661137956503657,0.94,F
SDSS J093847.24+345501.5,1237661137956503701,0.87,C
SDSS J111526.75-001519.6,1237674649923813591,0.9,
SDSS J085031.69+001908.6,1237648721746854319,0.99,Sh
SDSS J165452.98+411213.7,1237651714801205596,0.99,
SDSS J094535.51+571424.3,1237653614260846619,0.97,F
SDSS J122805.20-013929.3,1237650371558768769,0.99,
SDSS J082900.52+390113.5,1237657606962282856,0.98,F
SDSS J121252.89+530239.5,1237657630065623171,0.94,F
SDSS J094347.47+002755.0,1237650796756795418,0.95,F
SDSS J115311.61+530814.0,1237657857683226740,0.95,F
SDSS J105812.25+073418.0,1237658300073574514,0.95,F
SDSS J105750.72+080238.1,1237658300610379969,0.96,F
SDSS J100557.07+551542.3,1237658303276646520,0.98,F
SDSS J132007.68+013301.2,1237651735228842040,0.95,F
SDSS J093245.32+333821.8,1237661137418911882,0.96,F
SDSS J131057.21+495135.1,1237661151915868250,0.89,Sh
SDSS J083024.89+514212.2,1237651495224475805,0.98,V
SDSS J120911.48+024332.1,1237651736831721576,0.87,V
SDSS J112626.09+025557.8,1237651754543546529,0.97,F
SDSS J123356.43+593429.9,1237655107841884268,0.98,Sh
SDSS J085705.65+400049.3,1237657775542698092,0.86,
SDSS J104516.11+495247.5,1237657856604700755,0.99,F
SDSS J142505.41+454729.0,1237658205057646794,0.92,Sh
SDSS J091058.79+075218.8,1237658493871652949,0.95,Sh
SDSS J143103.01+535818.3,1237661418750542003,0.91,F
SDSS J160130.42-001712.4,1237648704065175831,0.98,
SDSS J092209.74-003222.4,1237648720676585591,0.91,
SDSS J120733.37+640100.8,1237651065205096547,0.98,
SDSS J161314.88+485137.1,1237651251513852008,0.98,
SDSS J093249.25+622012.3,1237651540315013214,0.97,
SDSS J094913.51+011039.9,1237651752922251498,0.95,F
SDSS J090211.33+032944.1,1237654605851853112,0.95,F
SDSS J120734.79+602602.3,1237655108914184208,0.94,
SDSS J033857.32-000222.4,1237657586030346269,0.95,
SDSS J105609.61+472332.9,1237658611979321443,0.98,C
SDSS J231326.87+151236.3,1237652944244113687,0.94,
SDSS J093552.51+040100.5,1237654605855588469,0.85,Sh
SDSS J142056.54+035217.4,1237654879663423588,0.95,Sh
SDSS J150054.67+554543.9,1237655464851800157,0.98,F
SDSS J162643.46+435323.5,1237655474503549028,0.89,
SDSS J205641.65-004906.1,1237656567575937452,0.99,
SDSS J121319.98+505902.6,1237658614132506683,0.97,F
SDSS J162200.19+402652.3,1237659325491838985,0.98,
SDSS J094458.28+385711.3,1237660765918527602,0.91,Sh
SDSS J150058.90+502737.9,1237661387608359085,0.92,V
SDSS J153111.22+465756.0,1237661387611046021,0.94,C
SDSS J230931.06+150025.1,1237652944243720398,0.99,
SDSS J140525.26-004840.8,1237648703515590916,0.98,
SDSS J104804.38+652404.7,1237651272433336485,0.98,
SDSS J075647.50+455316.2,1237651496831615081,0.88,
SDSS J085340.72+013348.6,1237651753989964118,0.91,C
SDSS J114722.90+601801.6,1237655108913070115,0.98,
SDSS J103027.55+573919.8,1237658304352157807,0.94,C
SDSS J113223.25+545858.7,1237658802571903121,0.85,F
SDSS J144118.80+494252.2,1237659132746596476,0.87,Sh
SDSS J145426.63+531302.8,1237659149385924732,0.98,Sh
SDSS J080710.28+242321.2,1237660764833710384,0.87,
SDSS J110436.95+450730.7,1237661356464865320,0.95,F
SDSS J030817.66-080458.1,1237649961916956774,0.94,
SDSS J102043.33+651019.4,1237651273505898538,0.99,
SDSS J111112.52+030434.3,1237654030863827099,0.96,F
SDSS J154327.83+511852.9,1237655465392013480,0.87,
SDSS J141632.04-011055.7,1237655693547339997,0.95,
SDSS J091912.27+485804.0,1237657634872098922,0.98,F
SDSS J105505.92+493625.7,1237657855531548794,0.94,Sh
SDSS J081825.78+295734.3,1237658191610183938,0.91,
SDSS J121613.82+595841.8,1237658311867105314,0.93,F
SDSS J122000.88+560704.2,1237657591934025805,0.96,F
SDSS J112202.09+082337.8,1237658425169018993,0.95,F
SDSS J113418.77+541112.9,1237658801498226800,0.87,C
SDSS J160154.13-011309.2,1237648702991434184,0.93,
SDSS J160002.09+024348.0,1237654880211108224,0.97,
SDSS J162736.93+404015.8,1237655373036126419,0.97,
SDSS J000007.82-000226.0,1237657190905217208,0.97,
SDSS J112904.95+553251.8,1237657591930880120,0.88,F
SDSS J082825.87+250052.6,1237661085883695378,0.95,F
SDSS J124222.54+481955.2,1237661358619754625,0.86,
SDSS J134439.91+555938.2,1237661387602788576,0.93,F
SDSS J163603.51+454447.5,1237651714261844256,0.99,
SDSS J114829.71+051328.5,1237654605870071985,0.95,F
SDSS J151558.48+035957.0,1237654880743129447,0.97,C
SDSS J112450.83+600759.7,1237655109448695862,0.99,
SDSS J215224.51+123851.2,1237656496173810224,0.98,
SDSS J155650.85+454024.3,1237659326025629948,0.87,
SDSS J130531.80+501827.4,1237661152452345923,0.87,F
SDSS J120129.26+111206.9,1237661811199115391,0.98,Sh
SDSS J095145.09+031620.6,1237654600488714489,0.86,Sh
SDSS J140250.69+053816.2,1237661970122997917,0.97,C
SDSS J161217.01+360444.5,1237662303519179013,0.98,
SDSS J083812.04+544532.3,1237651273498755222,0.9,C
SDSS J162059.45+512751.4,1237651539800358951,0.98,
SDSS J041641.07+270514.3,1237660555449598250,0.98,
SDSS J121110.69+572819.0,1237657611803754643,0.99,F
SDSS J110131.33+075622.0,1237658300610773148,0.92,F
SDSS J101913.96+052705.2,1237658422477783145,0.92,F
SDSS J104549.34+435410.1,1237661355926487130,0.98,C
SDSS J110130.54+120747.5,1237661950246191197,0.91,F
SDSS J122532.61+080301.5,1237661972259930245,0.87,F
SDSS J023840.13+002903.2,1237663784751595756,0.9,
SDSS J080619.67+060014.9,1237661065477751105,0.99,
SDSS J123055.06+032930.7,1237651755087429961,0.95,Sh
SDSS J104807.50+001001.6,1237654670277738693,0.96,F
SDSS J111753.10+543848.7,1237657591393222782,0.87,V
SDSS J123055.30+090903.9,1237658491745796302,0.98,F
SDSS J110229.32+092849.0,1237658492810035328,0.98,F
SDSS J104440.71+440358.1,1237660634386137189,0.88,C
SDSS J083358.69+260624.4,1237661124539384041,0.94,F
SDSS J124830.73+504954.7,1237661152451166321,0.94,Sh
SDSS J003546.60+135248.1,1237649918426284130,0.91,
SDSS J091129.96+452805.8,1237657606429868175,0.93,F
SDSS J145626.28+480035.0,1237659119862677672,0.86,V
SDSS J145558.35+490607.6,1237659120936157214,0.98,C
SDSS J121227.96+390639.3,1237664667371241537,0.96,F
SDSS J100807.13+301942.5,1237664869217075255,0.98,F
SDSS J140253.49+085329.6,1237662237477568671,0.89,F
SDSS J151619.14+070944.4,1237662237485564192,0.92,C
SDSS J162647.29+330451.3,1237662501082955990,0.86,
SDSS J165220.04+235437.0,1237662503764034063,0.97,
SDSS J154951.84+304150.9,1237662640655892761,0.93,
SDSS J160433.46+235015.6,1237662698112090273,0.92,
SDSS J111133.86+025727.3,1237651754541908172,0.97,F
SDSS J104030.69+355326.9,1237664339320897708,0.94,F
SDSS J114533.81+343408.1,1237665024901972003,0.97,F
SDSS J114429.46+330321.2,1237665331459719291,0.93,Sh
SDSS J075617.10+143609.6,1237667108496933522,0.93,
SDSS J121322.18+283039.5,1237667324330115100,0.97,Sh
SDSS J105334.89+233534.4,1237667538012930119,0.95,Sh
SDSS J083513.68+475344.6,1237654391644618779,0.99,F
SDSS J091316.35+312130.4,1237661382232375408,0.91,V
SDSS J152503.24+481141.6,1237661388147196050,0.92,C
SDSS J141827.97+125259.0,1237662529529511944,0.9,Sh
SDSS J092206.20+035350.1,1237654605854081247,0.88,V
SDSS J160129.05+224745.3,1237662696501412259,0.93,
SDSS J094657.98+115213.8,1237664131548774545,0.9,Sh
SDSS J125509.24+391211.2,1237664294219612195,0.94,Sh
SDSS J093626.20+314814.5,1237664667893956667,0.99,F
SDSS J093630.99+271227.7,1237665127454605553,0.91,Sh
SDSS J154123.90+200231.4,1237665428643184819,0.89,
SDSS J142522.80+262755.3,1237665429171863779,0.95,F
SDSS J125856.09+282749.0,1237665440442024035,0.96,F
SDSS J134835.09+253949.2,1237665531709096230,0.98,C
SDSS J152505.22+195005.3,1237665549433438459,0.87,Sh
SDSS J091311.83+244121.8,1237667113868918886,0.93,Sh
SDSS J105306.02+283412.0,1237667254544367748,0.99,F
SDSS J113037.58+034523.8,1237655123930316917,0.99,F
SDSS J104347.40+103230.4,1237661948633612331,0.98,C
SDSS J144913.78+094226.4,1237662198818144438,0.99,C
SDSS J110528.50+374440.6,1237662224061104203,0.98,C
SDSS J134234.82+600742.6,1237655463773143164,0.98,
SDSS J122932.79+111255.9,1237662239078088786,0.95,Sh
SDSS J150228.76+285815.6,1237662695958183997,0.96,C
SDSS J013927.34+000219.5,1237663784208302210,0.94,
SDSS J103349.98+125242.0,1237664131016949874,0.97,V
SDSS J130510.15+152606.6,1237664291543777433,0.88,F
SDSS J121254.41+313052.3,1237665225694183554,0.85,Sh
SDSS J111308.07+275859.9,1237667252935655539,0.98,F
SDSS J131052.53+245155.3,1237667447808655501,0.94,F
SDSS J215122.17+111933.2,1237656241158291953,0.91,
SDSS J142637.19+112413.5,1237661950805016790,0.98,F
SDSS J120245.62+390546.5,1237662224066019420,0.89,C
SDSS J142437.52+345059.2,1237662224078536849,0.98,C
SDSS J161849.84+222719.1,1237662224627532173,0.95,
SDSS J151116.96+043834.4,1237662266463486174,0.98,C
SDSS J132125.68+144343.0,1237664291008675940,0.85,F
SDSS J133402.76+143614.8,1237664291009986867,0.89,F
SDSS J135323.67+230255.3,1237665566067589284,0.98,F
SDSS J105500.65+293235.8,1237667255618371751,0.97,Sh
SDSS J112202.06+255515.2,1237667322177585279,0.88,F
SDSS J145057.54+063600.1,1237662268608676033,0.93,F
SDSS J142554.66+163757.0,1237668271367520481,0.94,C
SDSS J145058.17+160622.8,1237668298219847857,0.97,F
SDSS J130052.56+403504.4,1237662226218352719,0.98,F
SDSS J011057.41+003803.2,1237663204921901182,0.98,
SDSS J094841.18+342300.5,1237664669506011341,0.95,F
SDSS J092759.45+261928.1,1237665127453687922,0.97,F
SDSS J151008.79+460616.8,1237659119327117329,0.95,Sh
SDSS J161555.31+151745.5,1237665532261695757,0.95,
SDSS J144345.20+181218.9,1237667782312722511,0.95,Sh
SDSS J145346.79+185735.7,1237667783924252863,0.96,C
SDSS J132507.20+155025.3,1237668623019278497,0.96,F
SDSS J153626.77+475117.3,1237659324950118490,0.99,V
SDSS J104124.18+130934.6,1237664131017736382,0.98,Sh
SDSS J163501.14+130646.2,1237665440464961840,0.97,
SDSS J162453.30+182313.8,1237665537617953014,0.9,
SDSS J094803.02+213751.9,1237667292118974689,0.99,F
SDSS J094759.57+215709.9,1237667292655910960,0.94,F
SDSS J125651.17+265355.9,1237667322723696789,0.99,C
SDSS J093731.01+193521.7,1237667538005000329,0.99,V
SDSS J120404.32+065430.5,1237671127518740623,0.89,F
SDSS J091015.47+490934.6,1237655107828514932,0.94,F
SDSS J095713.70+410616.4,1237660343401119920,0.95,Sh
SDSS J155534.07+423646.9,1237661387076796545,0.85,
SDSS J122059.60+460701.6,1237661852543221890,0.91,Sh
SDSS J142256.52+402501.7,1237661872413606266,0.98,F
SDSS J144153.00+104454.9,1237662199891034282,0.98,C
SDSS J145430.06+101910.2,1237662199892410379,0.87,Sh
SDSS J155012.01+355836.8,1237662474228203824,0.89,
SDSS J095534.17+683706.0,1237663787964760224,0.95,
SDSS J132451.67+133452.5,1237664289398456365,0.92,F
SDSS J125913.12+355119.2,1237664671641960557,0.87,F
SDSS J160640.88+171130.4,1237665533334257819,0.89,
SDSS J130528.82+400646.9,1237664295831011627,0.9,F
SDSS J111008.21+352520.9,1237664337175904437,0.9,Sh
SDSS J153825.24+241641.2,1237665102219444340,0.99,Sh
SDSS J163647.05+254827.0,1237661464919015915,0.98,
SDSS J123511.78+340719.9,1237665127471579205,0.97,F
SDSS J084610.13+192113.9,1237667254531129554,0.94,Sh
SDSS J114414.45+304615.8,1237667255623090335,0.97,Sh
SDSS J122955.01+310414.0,1237667255627350101,0.98,C
SDSS J122350.58+281158.1,1237667444045185045,0.95,F
SDSS J132804.05+215416.6,1237667735589486728,0.95,V
SDSS J114417.20+201323.9,1237668294449627155,0.96,C
SDSS J135417.62+192518.6,1237668299287560293,0.97,F
SDSS J105350.53+165059.2,1237668496313548897,0.86,F
SDSS J214033.78+045357.1,1237669696757694787,0.98,
SDSS J014308.10-085928.9,1237670956788809902,0.96,
SDSS J090140.93+110458.6,1237671260662661265,0.98,V
SDSS J103702.71+623131.5,1237651250957058230,0.99,
SDSS J132725.84+115048.7,1237671992947310615,0.96,C
SDSS J134738.44+032002.8,1237674602676289826,0.99,F
SDSS J214129.91+005340.8,1237678595927834701,0.96,
SDSS J230242.70+201916.9,1237680270967701780,0.97,
SDSS J113923.10+662114.3,1237651271898759321,0.92,
SDSS J120456.25+211425.7,1237667781222596633,0.86,C
SDSS J121317.80+213915.6,1237667781760319656,0.97,F
SDSS J115905.46+245920.2,1237667911664926765,0.99,Sh
SDSS J144322.25+010553.2,1237651735237951758,0.96,Sh
SDSS J114016.98+174340.3,1237668496318398520,0.88,Sh
SDSS J231004.72+301327.4,1237680472834048073,0.99,
SDSS J104351.09+212806.0,1237667736109711512,0.94,F
SDSS J150530.60+030514.6,1237651821640220816,0.97,F
SDSS J113523.13+201842.5,1237667916489490658,0.97,F
SDSS J085624.09+131056.1,1237670596015751434,0.86,V
SDSS J112513.26+322022.0,1237665330921078933,0.91,F
SDSS J140203.59+263749.3,1237665427559022786,0.89,Sh
SDSS J134704.57+245947.3,1237665548349538427,0.94,C
SDSS J140211.03+251935.3,1237665549424722005,0.92,F
SDSS J075209.95+380108.2,1237653588480164352,0.86,
SDSS J103737.70+255658.0,1237667431175487616,0.99,F
SDSS J080830.63+191230.4,1237673808118481283,0.87,
SDSS J092207.67+182002.8,1237667485920198874,0.92,C
SDSS J083307.60+093443.9,1237671123757629815,0.94,F
SDSS J102422.21+142937.0,1237671260134703197,0.95,C
SDSS J120551.26+242120.5,1237667446728425596,0.99,F
SDSS J085254.99+030908.4,1237654601556033873,0.87,V
SDSS J114505.89+202616.4,1237667916490539153,0.99,C
SDSS J120550.07+202837.1,1237668298739548224,0.96,C
SDSS J120248.44+204852.7,1237668299276091481,0.97,C
SDSS J140647.05+150229.2,1237668348671492256,0.99,Sh
SDSS J161625.06+271446.1,1237662620263579953,1.0,
SDSS J235706.40+295020.8,1237663233378025755,0.98,
SDSS J121953.70+392759.4,1237664667908702348,0.94,Sh
SDSS J110229.60+384311.8,1237664668975890643,0.99,F
SDSS J083401.42+221215.9,1237664835389948124,0.99,F
SDSS J154143.35+231213.3,1237665374404870351,0.91,
SDSS J130821.63+291342.3,1237665441516617769,0.98,C
SDSS J142805.10+254949.6,1237665441524482313,0.96,F
SDSS J151303.16+220233.4,1237665533328294108,0.95,F
SDSS J011002.51+133850.8,1237666215143342135,0.99,
SDSS J075654.19+143827.8,1237667255599300794,0.99,
SDSS J135813.12+173151.8,1237668297140600860,0.94,F
SDSS J111533.29+172944.1,1237668586506616882,0.94,F
SDSS J083408.75+115916.3,1237670965917385030,0.98,F
SDSS J215953.37+133447.4,1237678600218738998,0.95,
SDSS J091106.11+130717.8,1237671125372567599,0.97,F
SDSS J131523.60+125342.2,1237671955902693480,0.87,F
SDSS J102733.56+042800.3,1237654601566388473,0.92,Sh
SDSS J075322.75+361627.7,1237654654171152624,0.9,
SDSS J143052.86+031608.2,1237654879127666791,0.98,F
SDSS J095228.10+424908.8,1237657873257922697,0.98,F
SDSS J154903.97+023142.1,1237655470213366069,0.96,
SDSS J082201.90+042333.2,1237658300056535508,0.95,V
SDSS J125926.07+590106.4,1237658311332659359,0.88,F
SDSS J102733.39+095413.6,1237660585520070729,0.91,C
SDSS J164106.56+460014.6,1237651715335716958,0.88,
SDSS J112524.81+045447.8,1237655125540405323,0.99,F
SDSS J103429.71+594705.3,1237655369819291682,0.92,F
SDSS J103845.44+523921.6,1237657590853664952,0.98,Sh
SDSS J114807.65+550118.9,1237657590858252461,0.97,C
SDSS J113132.80+495127.0,1237658613592686691,0.87,Sh
SDSS J165638.51+270310.6,1237659119876374954,0.89,
SDSS J120844.22-003227.0,1237648720694804620,0.95,
SDSS J005450.89+151641.2,1237649920575799438,0.98,
SDSS J100932.57-001414.5,1237651800698257716,0.95,
SDSS J213337.41-070938.2,1237652600102977795,0.97,
SDSS J012358.45-094957.7,1237652616740536497,0.89,
SDSS J111334.94+600730.3,1237658304891715674,0.98,
SDSS J232326.69+140753.9,1237652942634549470,0.98,
SDSS J100654.66-011359.1,1237654668662603963,0.94,
SDSS J143619.10+033734.7,1237654879665127522,0.97,F
SDSS J163349.61+391547.5,1237655373036912774,0.96,
SDSS J121222.64+084636.1,1237658491206959194,0.94,Sh
SDSS J110037.27+102613.8,1237658493883580478,0.98,C
SDSS J101240.74+390615.1,1237660771809624268,0.92,C
SDSS J091345.39+345014.3,1237660962402861130,0.98,C
SDSS J101000.24+115459.6,1237661068712476729,0.86,F
SDSS J212536.30-071838.4,1237652599565254825,0.99,
SDSS J005247.40-101200.3,1237652629641101418,0.99,
SDSS J125146.18+610813.5,1237655463233519709,0.99,
SDSS J235129.12+140406.1,1237656494575911063,0.99,
SDSS J121722.45+533323.4,1237657858221670526,0.91,F
SDSS J151449.06+464045.7,1237659133286285390,0.86,V
SDSS J143422.06+552128.8,1237659149921222738,0.95,Sh
SDSS J172952.39+564934.6,1237659896174018833,0.98,
SDSS J033652.63+010153.0,1237660241926160519,0.97,
SDSS J092809.10+081412.4,1237661063876051118,0.92,Sh
SDSS J161427.78+295825.8,1237661464916197674,0.97,
SDSS J131208.85+451040.0,1237661874018189475,0.92,C
SDSS J114453.56+114459.2,1237661949177036891,0.98,F
SDSS J080701.66+454229.3,1237651192427905291,0.98,
SDSS J170222.42+610959.5,1237651225170870403,0.99,
SDSS J113109.68+671410.0,1237651272972238902,0.9,
SDSS J113515.94+013819.3,1237651752933851291,0.98,V
SDSS J112933.31+471250.1,1237660636000420013,0.91,F
SDSS J090311.17+450231.4,1237657770167828698,0.98,C
SDSS J130624.52+485744.4,1237658203977941175,0.98,F
SDSS J133031.70+582032.5,1237658311334494363,0.97,Sh
SDSS J122055.09+110031.9,1237658493892231254,0.98,Sh
SDSS J154015.94+472545.5,1237659324950446332,0.94,
SDSS J090640.15+063344.6,1237660412112470297,0.97,F
SDSS J140821.55+551805.3,1237661388141166646,0.86,C
SDSS J110759.60+024314.6,1237654030326563014,0.86,C
SDSS J074228.98+310555.8,1237654652558180789,0.87,
SDSS J101058.46-004813.9,1237654669199933583,0.92,
SDSS J160024.08+525358.3,1237654948377329709,0.98,
SDSS J114537.84+621413.5,1237655464840724589,0.95,
SDSS J095034.06+482906.5,1237657590312992946,0.99,F
SDSS J091820.49+410154.7,1237657627904376984,0.97,F
SDSS J102713.35+481441.1,1237657628447473764,0.86,F
SDSS J121618.74+094449.2,1237658492281094291,0.98,Sh
SDSS J110610.46+481604.0,1237658612517044297,0.95,F
SDSS J115012.48+533957.3,1237658800425468034,0.98,F
SDSS J110643.94+665109.5,1237651539246055429,0.98,
SDSS J104941.28+601735.7,1237653617471520969,0.93,
SDSS J133823.75+572002.0,1237655106771943493,0.95,F
SDSS J112944.39+054817.5,1237655126614605890,0.93,Sh
SDSS J133253.11-011531.1,1237655500274860158,0.98,
SDSS J142409.05+061127.5,1237655743478104176,0.87,F
SDSS J143318.50+064549.2,1237655744552829079,0.97,Sh
SDSS J230748.86-085700.7,1237656539127939216,0.99,
SDSS J075943.03+261114.5,1237658191607693659,0.97,
SDSS J142408.69+443343.0,1237658203447230614,0.97,V
SDSS J102359.78+062907.4,1237658423552114802,0.89,F
SDSS J135945.21-030257.6,1237655493834899638,0.91,
SDSS J172508.37+584552.9,1237659896173101460,0.96,
SDSS J090011.05+074333.9,1237660669809197290,0.96,Sh
SDSS J084002.36+294902.6,1237660961862189211,0.96,Sh
SDSS J100540.38+093512.4,1237661063880179720,0.93,F
SDSS J081341.07+220413.0,1237661085344858493,0.94,
SDSS J121752.43-002143.6,1237648704040665238,0.97,
SDSS J131408.61-002627.9,1237651203157721163,0.96,
SDSS J085025.48+552322.2,1237651272425734160,0.93,F
SDSS J073213.99+380848.6,1237651496827682897,0.99,
SDSS J132106.27+021658.5,1237651736302715073,0.85,V
SDSS J034626.96-063152.5,1237652900235771982,0.99,
SDSS J230911.62+132710.9,1237652942096171223,0.97,
SDSS J131408.25+621233.9,1237655370364551289,0.86,
SDSS J115644.26+620626.1,1237655464304378007,0.96,
SDSS J075201.44+440059.9,1237651496293826856,0.98,
SDSS J100514.38+463903.2,1237657856064618589,0.96,F
SDSS J105225.71+083327.3,1237658491735179378,0.97,F
SDSS J155823.96+545551.8,1237651539261391086,0.97,
SDSS J130210.14+032600.7,1237651755090837564,0.87,C
SDSS J013126.64+141639.0,1237653651844628666,0.91,
SDSS J105149.13+034645.8,1237654604253233397,0.97,F
SDSS J171405.72+331820.9,1237655130918879555,0.96,
SDSS J152721.92+040035.5,1237655742411309318,0.99,C
SDSS J090146.31+383612.0,1237658201275564332,0.99,F
SDSS J110102.71+445317.7,1237660634387447942,0.96,Sh
SDSS J150557.07+381640.0,1237661433248350319,0.9,Sh
SDSS J133229.65+124902.6,1237661818175422469,0.99,F
SDSS J163041.34+443048.5,1237651250979340465,0.88,
SDSS J133706.47+002204.7,1237651504880615503,0.95,F
SDSS J012315.84-090141.2,1237652901293981721,0.98,
SDSS J104827.34+044931.7,1237654605863518421,0.9,F
SDSS J143710.58+040354.2,1237654880202064005,0.97,C
SDSS J120925.95+603111.3,1237655108914249886,0.99,
SDSS J163035.42+403724.2,1237655373573193957,0.92,
SDSS J092401.09+051233.8,1237658423545561106,0.86,Sh
SDSS J093152.15+073450.7,1237658492800205019,0.98,Sh
SDSS J152601.90+484111.0,1237659324412461178,0.96,C
SDSS J084133.31+323841.9,1237660635985150130,0.98,V
SDSS J123012.09+564207.6,1237661416595521646,0.98,F
SDSS J122450.66+451542.8,1237661851469807696,0.95,C
SDSS J122448.40+120106.6,1237661949181362314,0.98,F
SDSS J120926.71+404954.6,1237662226214092839,0.98,F
SDSS J121731.19-004834.4,1237648703503794279,0.89,
SDSS J121644.08-032548.9,1237650369410039904,0.96,
SDSS J220141.63+115124.4,1237652942625767592,0.92,
SDSS J145323.39+025759.4,1237654879130091598,0.97,C
SDSS J154317.86+020442.5,1237655469675905275,0.96,
SDSS J170714.03+343415.6,1237655503498183177,0.98,
SDSS J133733.09+610150.5,1237655369828991047,0.98,
SDSS J110321.25+065519.3,1237658423556374706,0.97,Sh
SDSS J133812.14+522546.2,1237659131131527216,0.98,Sh
SDSS J105619.71+434517.6,1237661851999731863,0.88,F
SDSS J154254.60+063455.7,1237662238025318746,0.88,
SDSS J084227.27-000842.6,1237648721209131256,0.88,
SDSS J120120.28+023125.9,1237651754010476632,0.97,F
SDSS J152345.37+031448.7,1237651822179057813,0.88,F
SDSS J090836.85+531538.2,1237653614257963090,0.99,C
SDSS J013006.17+131702.0,1237653650770821212,0.96,
SDSS J083909.27+450747.7,1237654653102850180,0.96,F
SDSS J163722.63+442049.6,1237654952130511036,0.96,
SDSS J130522.93+043843.3,1237655125014413478,0.89,C
SDSS J161147.09+501255.5,1237655130909901038,0.93,
SDSS J084231.36+402831.2,1237657118948393201,0.96,F
SDSS J002910.42-000949.6,1237657190908428463,0.91,
SDSS J112920.68+083608.4,1237658491202306114,0.93,Sh
SDSS J223251.87-075813.4,1237656539661009030,0.97,
SDSS J083909.65+072431.5,1237661068165579087,0.99,F
SDSS J110106.44+430433.9,1237661850926317579,0.95,F
SDSS J120310.16+413737.8,1237661966355005548,0.9,C
SDSS J013838.48+004429.4,1237657071694774487,0.88,
SDSS J152338.99+374825.4,1237662337324744905,0.99,V
SDSS J144029.37+003502.7,1237648705130004781,0.91,Sh
SDSS J015529.59-095940.7,1237652899686842419,0.98,
SDSS J112208.13+044134.1,1237654605330317410,0.99,Sh
SDSS J111529.13+552722.3,1237657610726539321,0.98,Sh
SDSS J101418.44+063046.4,1237658299531919540,0.88,F
SDSS J103154.37+064655.9,1237658299533820126,0.96,F
SDSS J102553.05+091915.8,1237658493342908620,0.93,C
SDSS J090829.89+353654.1,1237660634914160838,0.97,C
SDSS J094421.13+394959.4,1237660634917765291,0.86,C
SDSS J132329.23+490047.7,1237661151379980368,0.91,Sh
SDSS J112745.95+060839.1,1237661970106155062,0.92,V
SDSS J122901.54+083837.7,1237661977085018287,0.96,C
SDSS J162109.60+210429.8,1237662223554314614,0.89,
SDSS J141538.37+362230.2,1237662225151295617,0.97,Sh
SDSS J125953.78+524554.3,1237662302965989647,0.99,Sh
SDSS J113726.41+262722.3,1237667322179092564,0.97,F
SDSS J122841.26+264754.1,1237667322184138853,0.98,F
SDSS J090911.50+005007.5,1237648722285756726,0.92,Sh
SDSS J033312.96-073258.4,1237649961382772816,0.88,
SDSS J033329.45-065148.2,1237649962456645729,0.93,
SDSS J004205.02-093203.9,1237652901289525406,0.98,
SDSS J095702.62-011430.0,1237654668661555353,0.95,
SDSS J162618.75+432426.8,1237655473966809389,0.99,
SDSS J215058.68-004848.9,1237656567581835627,0.99,
SDSS J024654.19-003354.7,1237657070091632935,0.91,
SDSS J114908.62+533854.6,1237658800425402466,0.97,C
SDSS J134137.53+541105.5,1237658803116900443,0.98,F
SDSS J082959.06+304340.1,1237660635983774050,0.91,C
SDSS J081213.40+261602.7,1237660765908369443,0.98,
SDSS J123614.76+475319.1,1237661362367758400,0.96,Sh
SDSS J133839.93+552700.5,1237661386528784541,0.91,Sh
SDSS J140331.24+091315.3,1237662263778148463,0.97,F
SDSS J131032.18+110121.0,1237661815488708818,0.97,Sh
SDSS J130407.08+432728.1,1237661849862275131,0.98,F
SDSS J151040.44+311410.6,1237662224619864394,0.98,F
SDSS J131036.24+394702.3,1237662225682333842,0.96,Sh
SDSS J125707.53+085232.5,1237662236396683371,0.98,Sh
SDSS J152414.99+383815.9,1237662473151971518,0.96,Sh
SDSS J082139.47+592454.1,1237663789032538312,0.98,Sh
SDSS J112523.71+360807.3,1237664818209620099,0.9,F
SDSS J121744.83+372358.9,1237664818751143996,0.99,Sh
SDSS J101432.41+304320.4,1237664870291341460,0.97,Sh
SDSS J155327.84+171824.5,1237665549436584282,0.99,
SDSS J114243.76+085827.4,1237660612902387836,0.94,F
SDSS J100652.50+140443.0,1237671123230982346,0.96,C
SDSS J144901.34+515833.5,1237661418215112839,0.92,F
SDSS J122426.74+131400.3,1237661950791909467,0.91,F
SDSS J135244.10+004809.7,1237648722316820532,0.89,V
SDSS J221217.38+001605.4,1237663543684235456,0.89,
SDSS J030749.48-004700.3,1237663783144194100,0.97,
SDSS J233025.66+000924.1,1237663784194146369,0.98,
SDSS J085855.36+624453.5,1237663916271730781,0.96,
SDSS J105547.40+145156.0,1237664132629987439,0.97,F
SDSS J145812.45+245000.8,1237665350246924422,0.9,C
SDSS J033350.76-010030.1,1237666299483258896,0.95,
SDSS J111024.88+284229.4,1237667254009135374,0.89,F
SDSS J111410.17+271420.1,1237667431179092040,0.94,F
SDSS J145632.29+093212.7,1237662198818930930,0.9,C
SDSS J153336.74+082507.6,1237662199359799578,0.99,F
SDSS J130305.82+381852.0,1237662223534325872,0.94,Sh
SDSS J105018.93+375938.1,1237662225133600938,0.96,F
SDSS J160641.84+084437.0,1237662637449871508,0.95,
SDSS J031133.38-004434.4,1237663783144587486,0.96,
SDSS J092811.28+301351.4,1237664091830550649,0.96,F
SDSS J094029.95+112941.7,1237664105776545811,0.97,Sh
SDSS J130302.64+155138.3,1237664292080451674,0.94,F
SDSS J114449.43+334831.5,1237665023828164680,0.98,C
SDSS J153335.70+210905.1,1237665442068234536,0.87,V
SDSS J095734.56+253145.4,1237667254538797209,0.99,Sh
SDSS J124307.28+111243.1,1237661815485759591,0.96,Sh
SDSS J100531.47+394051.3,1237661850921533622,0.99,F
SDSS J024438.20-081850.6,1237652900229021870,0.87,
SDSS J161647.50+205632.7,1237665103834120455,0.85,
SDSS J145753.73+261719.8,1237665351857274942,0.98,F
SDSS J161653.91+345557.1,1237665356693569869,0.99,
SDSS J152519.02+403930.5,1237662498392375411,0.99,F
SDSS J162944.05+232110.3,1237662665889546707,0.96,
SDSS J081544.29+550336.1,1237663786883285172,0.96,
SDSS J091732.26+195123.1,1237667430093226282,0.94,F
SDSS J103221.59+200410.1,1237667735034724534,0.97,F
SDSS J133229.82+223607.4,1237667736663621814,0.88,Sh
SDSS J085603.97+132519.2,1237667781202673685,0.98,V
SDSS J110457.09+372213.5,1237662223524167761,0.97,F
SDSS J131451.02+380215.9,1237662223535374440,0.99,Sh
SDSS J122514.24+160713.1,1237664292076454119,0.92,Sh
SDSS J132341.57+313846.7,1237665330395152577,0.93,F
SDSS J131958.31+281449.3,1237665427554893968,0.99,F
SDSS J083650.11+441610.6,1237655108362043485,0.96,V
SDSS J091417.69+221631.4,1237667212121604127,0.98,F
SDSS J075545.91+130026.7,1237667253988295147,0.93,
SDSS J110451.57+252804.9,1237667322175881294,0.96,Sh
SDSS J113108.36+260245.1,1237667429033181206,0.88,F
SDSS J105646.55+232551.9,1237667550344839242,0.96,Sh
SDSS J111655.40+210859.3,1237667734502441119,0.94,F
SDSS J115349.88+211309.1,1237667781221482570,0.95,C
SDSS J121441.44+235110.4,1237667910055821379,0.96,C
SDSS J125631.28+184730.1,1237668270821277870,0.99,F
SDSS J104423.04+182916.0,1237668293906530358,0.94,F
SDSS J121815.21+200039.9,1237668298203922582,0.99,Sh
SDSS J140755.32+070228.9,1237662268067086598,0.98,F
SDSS J170758.22+344906.7,1237655504034988263,0.98,
SDSS J010723.22+004018.8,1237663204921573502,0.98,
SDSS J094139.96+682258.0,1237663917885423644,0.94,
SDSS J154719.55+213152.0,1237665373331980448,0.98,
SDSS J012513.25+145220.9,1237649920579010661,0.85,
SDSS J162345.54+130006.9,1237665566620712992,0.98,
SDSS J103548.22+170843.2,1237668288011436103,0.98,Sh
SDSS J150719.25+392645.8,1237661434858832012,0.96,Sh
SDSS J145341.99+103431.9,1237661950807900548,0.85,C
SDSS J143330.14+343340.4,1237662662134333533,0.97,F
SDSS J084128.25+251404.0,1237664667887927492,0.93,F
SDSS J131205.20+375112.5,1237664846121533563,0.98,F
SDSS J153547.57+432107.1,1237659119866282213,0.95,F
SDSS J110610.76+313654.9,1237665330919243882,0.88,C
SDSS J160029.17+185106.9,1237665534931239206,0.87,
SDSS J120208.36+174124.8,1237668624621240464,0.89,F
SDSS J113439.15+000729.1,1237674650462781590,0.96,Sh
SDSS J104738.34+385526.7,1237661381704548428,0.97,C
SDSS J122732.18+075747.7,1237661972260126941,0.98,V
SDSS J141714.08+075624.8,1237662262705914072,0.96,C
SDSS J074655.25+182856.5,1237664094503633368,0.95,
SDSS J135508.20+283014.1,1237665429705720018,0.9,F
SDSS J104940.46+193520.5,1237668294980862078,0.98,Sh
SDSS J160445.60+343711.6,1237662300834758893,0.99,
SDSS J143635.21+115618.2,1237662636366364756,0.98,F
SDSS J081044.15+214917.7,1237664093969580411,0.91,
SDSS J104536.32+274937.4,1237667254006710456,0.89,F
SDSS J080903.95+112113.8,1237667783345111529,0.97,
SDSS J130143.28+191806.9,1237668297671508106,0.95,C
SDSS J155140.70+115933.6,1237668310554837325,0.98,
SDSS J133752.61+154316.6,1237668348668412000,0.92,F
SDSS J000851.19-090354.8,1237672793961267255,0.99,
SDSS J083032.70+425928.1,1237673705582297345,0.87,F
SDSS J012134.83+333601.3,1237678893352288510,0.96,
SDSS J142006.89+245117.6,1237665549963362481,0.9,C
SDSS J092628.27+220510.7,1237667210512105643,0.91,F
SDSS J092629.06+214530.2,1237667252924711149,0.97,Sh
SDSS J094716.11+220522.1,1237667430096437433,0.99,F
SDSS J211621.97+010505.5,1237678617936789711,0.97,
SDSS J145003.72+000550.9,1237648704594182574,0.93,Sh
SDSS J115613.11+050059.2,1237671128591368335,0.97,F
SDSS J093811.89+160330.3,1237670965924397155,0.97,F
SDSS J094134.96+132246.8,1237671123765166201,0.94,Sh
SDSS J112049.29+002324.6,1237648721763303647,0.99,F
SDSS J113833.27-011104.1,1237674648852627562,0.87,
SDSS J115816.58+241856.7,1237667446727704678,0.98,F
SDSS J114938.40-033029.5,1237650369407090741,0.97,
SDSS J134759.11+190316.4,1237668272437199076,0.86,F
SDSS J082510.35+183457.5,1237667142860931300,0.97,Sh
SDSS J122321.87+663551.0,1237651537638654106,0.87,
SDSS J093709.25+195009.4,1237667542288171046,0.99,F
SDSS J113957.26+200013.3,1237667915953078465,0.96,F
SDSS J144650.18+135053.2,1237668349212622887,0.99,F
SDSS J120144.31+175355.9,1237668496320626824,0.86,C
SDSS J113954.15+175255.3,1237668586509172935,0.96,V
SDSS J124303.00-011657.8,1237671764786020514,0.95,
SDSS J105225.96+103250.2,1237671932819341335,0.99,F
SDSS J094100.10+065610.0,1237674462028824604,0.92,Sh
SDSS J153905.16+053416.5,1237662268613918842,0.99,V
SDSS J112006.41+351546.0,1237665026510356613,0.85,F
SDSS J124058.08+275852.2,1237667323795931146,0.88,F
SDSS J101550.49+203902.7,1237667536398319728,0.92,F
SDSS J152704.79+131040.1,1237668310015279290,0.99,F
SDSS J125510.66+641552.3,1237654875362033725,0.96,
SDSS J121943.88+285146.1,1237667209992536264,0.99,C
SDSS J114943.17+602216.5,1237655108913201219,0.99,
SDSS J113213.42+235616.0,1237667549811507489,0.94,F
SDSS J134630.60+224221.6,1237667910601932987,0.98,C
SDSS J101101.90+155847.2,1237671125379055670,0.97,F
SDSS J124542.96+061928.3,1237671764252491862,0.98,Sh
SDSS J075218.36+180807.8,1237673808653648194,0.99,
SDSS J142847.42+134916.3,1237668348136980813,0.94,Sh
SDSS J103317.10+162425.4,1237671262283235425,0.87,Sh
SDSS J093658.58+144218.3,1237671262814142753,0.88,F
SDSS J231635.32+010046.0,1237663278459846847,0.98,
SDSS J115528.39+345758.0,1237665128541782127,0.89,F
SDSS J111344.75+275202.9,1237667209986179154,0.95,F
SDSS J100915.13+603706.7,1237668671326584970,0.92,
SDSS J080504.19+294321.7,1237657774999404578,0.85,
SDSS J110027.67+062409.1,1237658298463158413,0.95,F
SDSS J102653.20+622011.4,1237651066810794077,0.98,
SDSS J141509.57+045536.0,1237651823245263060,0.93,C
SDSS J235257.31+154244.8,1237652944248307929,0.97,
SDSS J154444.48+042807.8,1237655743486886197,0.93,
SDSS J133952.49+522311.5,1237659131131658342,0.85,Sh
SDSS J114549.39+564805.5,1237661352705261692,0.98,F
SDSS J112758.08+131102.0,1237661813879931118,0.91,Sh
SDSS J123622.72+133610.3,1237661951330025676,0.95,V
SDSS J114942.63+495548.8,1237658613057060974,0.93,Sh
SDSS J150347.94+345056.1,1237662306730508587,0.9,F
SDSS J120351.91+392245.7,1237664667907391616,0.97,C
SDSS J140106.73+343451.3,1237664853105377330,0.97,F
SDSS J104122.64+314650.4,1237665127461093557,0.86,F
SDSS J162838.23+393304.5,1237659326029365299,0.92,
SDSS J114548.36+325846.8,1237665227839176900,0.98,F
SDSS J160316.27+174747.2,1237665428645609706,0.97,
SDSS J162842.26+400726.0,1237659326566039612,0.89,
SDSS J102706.52+214011.3,1237667536936370380,0.92,C
SDSS J114646.69+211617.3,1237667733968584756,0.99,C
SDSS J103620.67+210122.0,1237667783361101843,0.89,F
SDSS J121005.75+201256.1,1237667915956224063,0.88,F
SDSS J092926.68+132905.9,1237671261739548895,0.92,Sh
SDSS J171739.05+324215.4,1237671935508283674,0.97,
SDSS J225304.47+010840.0,1237678617410535616,0.97,
SDSS J111725.30+025810.9,1237651754542563419,0.96,F
SDSS J103700.68+284956.0,1237665367429939295,0.9,F
SDSS J092040.31+250628.1,1237667143404093580,0.89,F
SDSS J120351.30+200310.0,1237668298202415311,0.95,C
SDSS J154642.62+432220.9,1237659161736052817,0.98,
SDSS J115212.39+344738.7,1237665024902561841,0.97,F
SDSS J141759.54+250812.7,1237665532785786979,0.93,F
SDSS J085800.33+324830.5,1237660962401157417,0.95,C
SDSS J171447.55+613806.7,1237651213896646668,0.95,
SDSS J170936.41+340638.6,1237655130381484099,0.85,
SDSS J082959.77+310207.8,1237660344466014448,0.89,C
SDSS J164404.23+232351.8,1237662336260833481,0.97,
SDSS J112803.09+272309.7,1237667323788853258,0.9,C
SDSS J101232.10+200003.6,1237667783358611532,0.86,Sh
SDSS J100919.69+145927.3,1237671124305051901,0.97,C
SDSS J024703.63-003533.2,1237657070091632753,0.96,
SDSS J112046.58+595348.1,1237658304355172521,0.94,F
SDSS J135512.58+250117.1,1237665531172946006,0.98,F
SDSS J145008.11+173514.0,1237667734524395743,0.91,F
SDSS J104240.34+161731.9,1237671261747347709,0.99,Sh
SDSS J113052.16+013250.6,1237654028718440661,0.98,Sh
SDSS J105324.64+035335.0,1237654600495464595,0.97,Sh
SDSS J110321.21+065028.1,1237658299000357074,0.99,F
SDSS J145323.74+294155.2,1237662695957266536,0.98,F
SDSS J232337.22+002523.6,1237663277923762408,0.98,
SDSS J141630.38-022454.6,1237655691936727276,0.94,
SDSS J160915.70+254244.8,1237662664291582035,0.93,
SDSS J103519.20+641038.9,1237651537633673277,0.9,
SDSS J113630.75+474901.9,1237660636537815075,0.97,C
SDSS J080935.52+472028.5,1237651272421212462,0.99,
SDSS J080721.40+402353.9,1237653587408060429,0.97,
SDSS J151343.31+042143.6,1237655742409801806,0.98,C
SDSS J151346.61+214708.0,1237665427566493922,0.88,F
SDSS J160051.49+150904.5,1237665566618091639,0.94,
SDSS J141701.67+002837.4,1237648705127448778,0.95,F
SDSS J102158.90+645847.9,1237651539243892768,0.98,
SDSS J172801.42+573118.5,1237659896173690979,0.98,
SDSS J135322.20+363216.1,1237664293687853164,0.92,Sh
SDSS J134142.40+300731.4,1237665329323180121,0.95,C
SDSS J102903.34+194451.3,1237667782286508090,0.97,F
SDSS J163716.42+442505.6,1237671934428381309,0.93,
SDSS J164511.49+372627.9,1237655374111899720,0.92,
SDSS J152410.23+420407.3,1237662301903781905,0.96,F
SDSS J093316.71+335420.5,1237664871361019935,0.86,F
SDSS J113400.08+221837.7,1237667735577952458,0.97,F
SDSS J084316.82+515549.6,1237651251485868164,0.92,F
SDSS J113917.57+104533.8,1237658493887709388,0.92,F
SDSS J132657.33+261434.4,1237667322726711307,0.99,F
SDSS J113914.86+170837.1,1237668585435365393,0.97,F
SDSS J152516.39-014907.5,1237655498676568101,0.87,
SDSS J121121.15+443149.0,1237661850395017251,0.98,F
SDSS J164015.53+424124.1,1237651251517259878,0.93,
SDSS J153506.07+352034.4,1237662336252444877,0.98,Sh
SDSS J153504.83+232845.4,1237665537075511508,0.99,F
SDSS J121540.81+615323.5,1237655369287860276,0.93,
SDSS J163103.40+395018.6,1237655373036585211,0.85,
SDSS J163833.55+450831.0,1237651714262171970,0.92,
SDSS J103216.92+120321.8,1237660671429902353,0.91,C
SDSS J122532.63+073859.4,1237661971723059203,0.91,F
SDSS J144239.65+292048.1,1237665128020443309,0.94,Sh
SDSS J121018.25+262550.6,1237667441896390693,0.93,F
SDSS J095349.23+091137.6,1237661063878869129,0.98,F
SDSS J155238.28+092318.7,1237662637448364122,0.97,
SDSS J081516.77+090012.5,1237671261731356726,0.97,
SDSS J155855.79+024833.9,1237654880210977225,0.99,
SDSS J103736.19+053613.2,1237658297923797032,0.98,F
SDSS J144629.99+500130.7,1237659120935370757,0.99,F
SDSS J092115.56+101741.0,1237661923405398112,0.99,V
SDSS J110133.96+453913.9,1237660635461320734,0.96,Sh
SDSS J103952.47+205049.3,1237667735572381852,0.88,F
SDSS J082623.24+082525.5,1237671260121792698,0.95,Sh
SDSS J085629.23+294003.8,1237661086423974029,0.99,F
SDSS J103409.24+443005.4,1237661357536313447,0.98,C
SDSS J162926.70+293228.0,1237662474769662293,0.94,
SDSS J103412.02+132635.6,1237664131553886259,0.93,F
SDSS J135039.81+322052.7,1237665024376504523,0.99,F
SDSS J102409.13+170330.0,1237668288547062040,0.96,F
SDSS J114529.96+204048.6,1237668294986629273,0.85,V
SDSS J113517.70+505601.5,1237657855534432355,0.97,F
SDSS J124205.39+630645.4,1237655370899783808,0.92,
SDSS J144444.21+222616.9,1237665548892307533,0.93,F
SDSS J113653.04+211743.5,1237667733967601747,0.98,C
SDSS J090624.54+551418.5,1237651251487899768,0.99,F
SDSS J121826.75+045844.6,1237654605336412376,0.91,F
SDSS J133214.77+623436.1,1237654608534962422,0.94,
SDSS J093720.77+385335.2,1237660342862348308,0.98,Sh
SDSS J144708.75+501144.5,1237661416067891319,0.97,F
SDSS J113605.44+441406.3,1237661872400171091,0.97,F
SDSS J123727.30+415700.5,1237662193991090294,0.86,V
SDSS J105512.61+055145.3,1237654606937981034,0.87,V
SDSS J125631.16+383648.4,1237664293682872360,0.85,C
SDSS J112020.74+340546.4,1237665128538570791,0.98,C
SDSS J111811.57+302342.6,1237665328772808730,0.98,Sh
SDSS J155409.86+190622.3,1237665442070528055,0.96,
SDSS J141927.18+540601.0,1237661387605147789,0.99,F
SDSS J124258.84+395044.4,1237664294755434656,0.99,F
SDSS J115823.78-021638.5,1237650371018621112,0.99,
SDSS J115818.28-015731.6,1237650762390372517,0.99,
SDSS J104509.98+045640.1,1237654605863125245,0.99,F
SDSS J153348.91+210810.3,1237665442068299783,0.99,Sh
SDSS J143428.37+231812.9,1237665531713814595,0.98,F
SDSS J100242.89+040228.6,1237654605321601369,0.95,V
SDSS J091422.86+070612.9,1237658492798238960,0.94,C
SDSS J093807.38+280327.5,1237665128528674820,0.96,C
SDSS J144935.82+252252.7,1237665429711159362,0.99,F
SDSS J110804.65+264401.8,1237667430641565764,0.86,F
SDSS J094457.09+164226.8,1237667781207982220,0.98,V
SDSS J143407.62+080755.7,1237662263244619930,0.99,F
SDSS J144316.49+232207.3,1237665549965787236,0.92,F
SDSS J011208.63-002436.7,1237663783668416606,0.96,
SDSS J144619.57+322700.2,1237664854183313667,0.99,F
SDSS J144621.36+130115.5,1237668348138881350,0.9,F
SDSS J123301.80+565209.6,1237657611268128988,0.97,F
SDSS J080358.75+192151.2,1237674371289514574,0.98,
SDSS J111057.87+631849.5,1237654398615879748,0.94,
SDSS J144959.84+054324.9,1237655743480922274,0.92,Sh
SDSS J104638.88+085346.6,1237658492271394965,0.99,Sh
SDSS J115423.99+430509.8,1237662195598229657,0.92,F
SDSS J141921.31+350531.7,1237662661596151958,0.97,F
SDSS J094512.76+271507.1,1237665369572442155,0.96,F
SDSS J082127.82+122333.3,1237667783346487398,0.87,V
SDSS J155344.31+122233.7,1237668311091839348,0.99,
SDSS J090930.59+455708.4,1237657770168483936,0.98,F
SDSS J084046.53+365426.7,1237657775003926692,0.86,C
SDSS J100431.82+380021.7,1237661139032866977,0.98,F
SDSS J153308.02+443208.4,1237659133287923957,0.9,F
SDSS J151625.07+085047.1,1237661949736714543,0.92,C
SDSS J084241.76+524446.7,1237651192431902934,0.86,C
SDSS J115214.38+602040.9,1237655108913332354,0.98,
SDSS J155946.57+370214.2,1237662500006265070,0.86,
SDSS J150056.67+113102.6,1237662636905857063,0.97,F
SDSS J100547.32+142019.4,1237671123767722047,0.97,C
SDSS J105806.99+091910.7,1237671931209318579,0.98,C
SDSS J143922.54+170048.1,1237668272442638528,0.98,F
SDSS J101119.61+055347.5,1237658423013802072,0.96,F
SDSS J110912.93+313251.4,1237665369043763268,0.9,F
SDSS J100727.51+154521.8,1237671125378662523,0.97,F
SDSS J112407.56+005818.7,1237674651535409254,0.97,C
SDSS J171607.51+571417.7,1237651212287868961,0.96,
SDSS J090941.78+373605.6,1237658203422130202,0.99,C
SDSS J115353.44+552126.5,1237658802573213869,0.98,F
SDSS J095119.24+361039.4,1237661383310115025,0.87,C
SDSS J161541.09+350821.4,1237659152606494961,0.97,
SDSS J150530.92+305438.8,1237662223545794567,0.95,Sh
SDSS J144251.41+084531.9,1237662264319279213,1.0,F
SDSS J095548.14+120816.4,1237664105778184239,0.97,F
SDSS J150533.77+291607.0,1237664852574928919,0.93,Sh
SDSS J135951.88+234158.9,1237665567141920821,0.94,C
SDSS J115507.43+524527.1,1237657857146486978,0.95,F
SDSS J072954.29+372706.3,1237651496827290123,0.91,
SDSS J080248.05+294616.2,1237657629506666914,0.99,
SDSS J141015.14+532006.9,1237661385994141773,0.99,F
SDSS J020212.33-000602.2,1237666407918927886,0.98,
SDSS J120044.26+281943.0,1237667324328870062,0.98,C
SDSS J092030.57+514033.5,1237654653643849912,0.98,F
SDSS J131356.92+473758.6,1237661362907381830,0.97,F
SDSS J131357.97+454216.1,1237661433238716516,0.99,Sh
SDSS J102636.10+120224.6,1237661068177375308,0.95,C
SDSS J120926.15+440423.8,1237661849857949858,0.89,F
SDSS J114147.11+361532.3,1237664817674190926,0.97,F
SDSS J160121.20+161824.3,1237665531723251798,0.93,
SDSS J104454.17+021903.3,1237651754002088145,0.91,F
SDSS J110724.75+025417.0,1237651754541449474,0.91,C
SDSS J084655.07+482522.4,1237654381975503032,0.98,C
SDSS J152029.56+032548.3,1237654880206782779,0.98,C
SDSS J152940.58+302909.3,1237662305122910284,0.99,Sh
SDSS J161406.42+260735.6,1237662618653098226,0.96,
SDSS J152305.02+111441.7,1237662637981958365,0.96,F
SDSS J154245.88+245909.8,1237662696499314794,0.98,
SDSS J162520.33+372838.8,1237661387617010101,0.97,
SDSS J110820.32+320020.9,1237665369580568636,0.98,F
SDSS J131904.16+293834.8,1237665442591342740,0.97,C
SDSS J111105.57+262945.7,1237667323250278432,0.97,F
SDSS J110000.91+214235.2,1237667783363526699,0.91,F
SDSS J133548.24+025956.1,1237671956444413993,0.94,F
SDSS J140018.42+050242.2,1237655126094119082,0.96,V
SDSS J105651.48+593206.4,1237658304890732722,0.99,Sh
SDSS J162259.67+375656.7,1237661387616747577,1.0,
SDSS J144534.29+344159.4,1237662225690918950,0.95,F
SDSS J073548.83+401938.2,1237673704503968156,0.93,
SDSS J144036.77+215429.1,1237667912754855960,1.0,F
SDSS J082832.83+084401.6,1237671123220168862,0.94,Sh
SDSS J160237.93+411736.3,1237661387077648447,0.99,
SDSS J152134.73+073435.1,1237662264323473751,0.95,F
SDSS J143915.20+123703.7,1237662530068545745,0.98,F
SDSS J154036.63+283044.8,1237662663214825548,0.95,
SDSS J152548.81+194828.4,1237665549433504047,0.98,F
SDSS J161615.43+091818.8,1237668349759258921,0.94,
SDSS J080020.98+263648.8,1237657878077702182,0.96,
SDSS J080116.21+550233.5,1237663789030310067,0.99,
SDSS J162032.93+362148.5,1237659161203376284,0.96,
SDSS J103926.09+174951.7,1237670964857077853,0.99,Sh
SDSS J083129.27+483733.7,1237651250410487813,0.98,F
SDSS J110613.06+242119.4,1237667912196554797,0.87,Sh
SDSS J101246.60+651621.3,1237651540317306913,0.99,
SDSS J104139.53+632940.5,1237654400225181868,0.92,
SDSS J103137.45+040107.0,1237654604787875943,0.91,Sh
SDSS J075756.48+250939.1,1237660344462016612,0.97,
SDSS J153724.73+334020.4,1237661873494491149,0.89,F
SDSS J130054.99+070247.1,1237661971189989552,0.99,C
SDSS J142304.39+380832.3,1237662194536939592,0.93,Sh
SDSS J092434.66+633022.5,1237663547982020636,0.99,
SDSS J093800.20+295638.7,1237664835933962342,0.89,F
SDSS J084745.04+255549.4,1237664837539463397,0.93,F
SDSS J130058.37+273907.5,1237667323797831800,0.9,F
SDSS J092615.27+183257.1,1237667541750055110,0.98,Sh
SDSS J123408.47+192925.0,1237667914884907238,0.99,F
SDSS J120156.88+203728.8,1237667916492242992,0.91,C
SDSS J161958.87+102936.7,1237668311094788501,0.98,
SDSS J121138.99+171633.3,1237668589722206290,0.93,F
SDSS J152216.40+080254.4,1237662264860410147,0.98,F
SDSS J112941.42+281535.3,1237667209987686503,0.89,C
SDSS J120028.05+093656.2,1237658492279390239,0.96,F
SDSS J120029.79+115932.1,1237661949178740758,0.98,Sh
SDSS J124356.27+033659.2,1237671764788117730,0.99,C
SDSS J141212.72+083942.6,1237662237478551702,0.96,C
SDSS J151944.30+441918.6,1237659118791295000,0.86,Sh
SDSS J133318.92+110701.7,1237661816028069903,0.93,Sh
SDSS J152810.05+285033.0,1237662224084959536,0.94,C
SDSS J161346.03+225508.4,1237662224090136657,0.98,
SDSS J145758.08+110027.4,1237662528996900948,0.99,Sh
SDSS J155601.61+302502.6,1237662641193353264,0.98,
SDSS J131808.24+315736.4,1237665227310825505,0.98,F
SDSS J121922.75+202330.1,1237667915957141635,0.91,F
SDSS J124011.45+052242.0,1237654880726155403,0.95,F
SDSS J144639.63+551002.4,1237659326556143635,0.99,F
SDSS J095905.12+102140.0,1237660670352490651,0.93,F
SDSS J122126.61-031311.2,1237650760782315636,0.96,
SDSS J122126.62+114528.0,1237661811738148980,0.92,F
SDSS J145946.59+263712.7,1237665352394276898,0.96,Sh
SDSS J110731.60+004659.1,1237648722298732703,0.97,F
SDSS J102858.10+083117.8,1237658492269494336,0.93,F
SDSS J121422.04+560041.1,1237658803111395452,0.96,F
SDSS J154355.10+441821.4,1237659162272530466,0.98,
SDSS J143547.18+244510.3,1237665440988463230,0.98,Sh
SDSS J152207.82+135541.6,1237668310551560232,0.99,F
SDSS J095339.71+465515.8,1237657630055596145,0.91,Sh
SDSS J140232.32+393003.6,1237662194535039120,0.98,F
SDSS J120736.76+265914.8,1237667429573656595,0.85,F
SDSS J124516.32+101127.6,1237662238006050827,0.99,Sh
SDSS J084030.13+105158.8,1237671124832288877,0.99,F
SDSS J124515.48-012248.6,1237671266032943308,0.98,
SDSS J150654.66+563032.4,1237671767461331011,0.9,F
SDSS J162755.85+374926.9,1237659324419276862,0.98,
SDSS J130713.57+580806.0,1237661388674170919,0.96,F
SDSS J151828.26+073931.6,1237662264323145954,0.94,F
SDSS J160113.30+242853.9,1237662661606834483,0.91,
SDSS J021338.35-004302.2,1237663783138295829,1.0,
SDSS J104029.06+285310.0,1237667255616995421,0.87,Sh
SDSS J114501.35+304913.0,1237667255623155772,0.97,C
SDSS J133238.85+005213.7,1237648705659470004,0.96,Sh
SDSS J170343.81+354518.3,1237655503497592907,0.96,
SDSS J112531.95+592616.4,1237655108374954116,0.85,F
SDSS J112311.62+130703.7,1237661813879406660,0.91,Sh
SDSS J132937.86+375216.9,1237662224073490540,0.98,Sh
SDSS J093511.18+182715.4,1237667540677165139,0.96,F
SDSS J125905.29+273839.8,1237667323797635307,0.98,F
SDSS J113428.48+462138.0,1237660634927005771,0.99,F
SDSS J162332.74+390715.9,1237661388690161706,0.97,
SDSS J162154.64+253731.9,1237662640659694090,0.97,
SDSS J104615.87+510442.6,1237657630596595791,0.97,F
SDSS J085111.45+045250.1,1237658424078827751,0.97,F
SDSS J085110.50+275104.3,1237664093974364374,0.98,C
SDSS J145316.98+520239.2,1237661418752245956,0.89,F
SDSS J123543.75+431719.9,1237661968505110652,0.85,F
SDSS J021112.46-004933.3,1237663783138033789,0.93,
SDSS J083446.46+411247.7,1237657608037073078,0.94,C
SDSS J111518.18+272404.9,1237667431179223062,0.94,F
SDSS J103957.93+240528.4,1237667551953879057,0.94,F
SDSS J131347.66-000244.0,1237651203694526509,0.99,
SDSS J074729.34+311253.6,1237657608567914602,0.95,
SDSS J141254.21+250712.3,1237665549962641643,0.99,Sh
SDSS J110709.97+282532.2,1237667211059331146,0.98,F
SDSS J135316.70+211609.0,1237667783381090467,0.98,F
SDSS J115916.53+061118.4,1237671128591958155,0.95,F
SDSS J123936.99+004506.4,1237648722308825215,0.88,V
SDSS J102911.52+390653.5,1237661383313653909,0.91,Sh
SDSS J112904.41+265246.1,1237667430106791968,0.97,F
SDSS J125419.57+185630.5,1237668270821081256,0.97,Sh
SDSS J141544.13+141928.3,1237668348135604519,0.97,F
SDSS J150149.41+622906.4,1237651539793674325,0.87,
SDSS J102927.49+220028.5,1237667549805150416,0.97,F
SDSS J115219.92+210608.2,1237667917028130864,0.98,C
SDSS J004837.58+011451.5,1237678617423183997,0.98,
SDSS J102542.13+004546.8,1237648722294145119,0.95,C
SDSS J145123.70+093532.7,1237662198818341151,0.95,F
SDSS J143504.24+160653.1,1237668297144467652,0.98,F
SDSS J115124.84+083225.1,1237658425172230233,0.95,C
SDSS J120822.06+591851.3,1237655107303571478,0.96,F
SDSS J120818.94+553833.6,1237657591396433980,0.97,F
SDSS J085246.95+425005.6,1237657769629712422,0.99,Sh
SDSS J120514.72+381408.1,1237664819823771695,0.93,F
SDSS J075747.51+160148.8,1237665097916088415,0.95,
SDSS J125117.92+270622.1,1237667442974130339,0.97,F
SDSS J133724.84+272509.1,1237667444589199397,0.94,C
SDSS J132045.57+151532.7,1237664291545481377,0.97,F
SDSS J105907.06+100045.0,1237658493346513074,0.9,Sh
SDSS J105145.16+174523.6,1237668288013140062,0.95,F
SDSS J153512.47+050346.8,1237655744022708328,0.96,F
SDSS J122107.97+515347.0,1237657856074448933,0.96,F
SDSS J142439.57+210436.5,1237667910605865181,0.85,Sh
SDSS J111740.29+654459.8,1237651537635770479,0.97,
SDSS J151102.70+520300.0,1237659149923975236,0.98,F
SDSS J122043.33+505127.1,1237658614133030994,0.94,Sh
SDSS J153642.16+433221.5,1237659132751577262,0.89,C
SDSS J100131.31+120700.9,1237661069248430261,0.97,F
SDSS J095955.84+130237.7,1237664106852450313,0.95,F
SDSS J145012.36+302015.4,1237664852036485385,0.96,F
SDSS J092507.17+150109.4,1237668289614577691,0.98,Sh
SDSS J162328.05+391129.0,1237659324955426909,0.9,
SDSS J102310.80+182114.0,1237668290157674682,0.98,F
SDSS J132405.11+581711.6,1237655107307896950,0.99,Sh
SDSS J103439.86+545013.5,1237657612334661765,0.95,F
SDSS J085314.80+391022.3,1237657629512827188,0.93,F
SDSS J113543.71+490959.8,1237658612519206931,0.99,F
SDSS J130604.44+553921.7,1237658919069614163,0.99,F
SDSS J161152.05+434327.1,1237659326563942589,0.97,
SDSS J160943.06+302709.5,1237662336793182240,1.0,
SDSS J120617.36+324351.5,1237665227304206520,0.99,C
SDSS J161403.28+141655.6,1237665530651082852,0.91,
SDSS J104835.62+221459.1,1237667549270245447,0.92,F
SDSS J161525.19+260637.2,1237662640122232880,0.96,
SDSS J081735.00+205411.0,1237664091822489611,0.98,
SDSS J094155.86+541704.4,1237655109442142352,0.99,C
SDSS J142446.63+260822.7,1237665428634992797,0.97,C
SDSS J112609.44+032953.3,1237654031402336445,0.99,F
SDSS J132649.98+580635.2,1237655107308028010,0.92,C
SDSS J110628.17+541618.5,1237657591392501770,0.92,F
SDSS J102031.73+430117.7,1237661356998197278,0.94,F
SDSS J110624.18+350953.2,1237664817671045137,0.96,C
SDSS J154617.40+222216.9,1237665101146751043,0.97,
SDSS J144809.01+182808.0,1237667782849986787,0.88,C
SDSS J085647.70+392255.9,1237657775005630567,0.97,F
SDSS J081625.36+255928.8,1237660764834889937,0.93,
SDSS J101446.53+123547.2,1237661069249871911,0.96,Sh
SDSS J085647.65+295506.9,1237661125079007448,0.98,V
SDSS J115742.59+420457.0,1237661966891417742,0.92,F
SDSS J150430.52+430409.9,1237662498390343790,0.98,F
SDSS J112637.95+352523.3,1237665026510946431,0.96,C
SDSS J112633.29+302545.1,1237667255621386374,0.92,F
SDSS J161154.01+301958.0,1237661464915935426,0.97,
SDSS J095650.59+472520.7,1237657857674772569,0.98,F
SDSS J083809.62+194332.3,1237667142325501982,0.99,Sh
SDSS J084315.55+034126.5,1237658298448150783,0.94,F
SDSS J132831.91+122637.6,1237661817638092952,0.98,C
SDSS J091028.47+032221.2,1237654605315899532,0.87,Sh
SDSS J104357.17+233352.7,1237667538548818098,0.99,C
SDSS J154109.86-014222.2,1237655498678272125,0.88,
SDSS J153924.14+480837.3,1237659325487055136,0.93,Sh
SDSS J131321.45+512739.2,1237661958293815403,0.94,F
SDSS J093258.69+273000.2,1237665097926967307,0.95,F
SDSS J160614.83+181058.3,1237665534931894451,0.99,
SDSS J150350.92+220049.9,1237665549967949965,0.99,F
SDSS J085033.77+191441.6,1237667253994651711,0.95,V
SDSS J130126.12+275309.5,1237667444048855053,0.98,F
SDSS J120759.53+253305.6,1237667912202649785,0.99,Sh
SDSS J145134.31+104405.0,1237661950807703746,0.85,C
SDSS J095533.61+162558.2,1237670965389361250,0.93,Sh
SDSS J125549.00+275421.1,1237667444048265289,0.99,C
SDSS J100009.99+185851.1,1237667735568253046,0.93,F
SDSS J134902.15+254919.0,1237665549423411374,0.98,F
SDSS J110121.20+030225.8,1237654030862712983,0.9,C
SDSS J102039.41+000008.2,1237654670274724002,0.99,F
SDSS J151514.23+051123.4,1237655743483674752,0.95,F
SDSS J100447.55+065811.3,1237658424623759387,0.94,F
SDSS J105933.20+074103.6,1237658424629723303,0.97,C
SDSS J145046.51+542440.3,1237659150459142239,0.97,F
SDSS J151512.97+074648.0,1237662264322818263,0.96,C
SDSS J114444.89+331915.4,1237665370120847399,0.93,C
SDSS J102335.39+201705.6,1237667735570743329,0.95,F
SDSS J114448.40+235620.4,1237667910589743192,0.99,F
SDSS J143213.58+170145.4,1237668298217881725,0.98,F
SDSS J162700.28+090303.5,1237668310021964289,0.99,
SDSS J211936.44+004215.2,1237678617400246616,0.98,
SDSS J074916.29+293953.2,1237657606956843193,0.98,
SDSS J125707.95+093135.1,1237658492285485238,0.98,F
SDSS J105021.59+412750.5,1237661871322562700,0.97,F
SDSS J111428.39+413327.5,1237662195058081961,0.98,F
SDSS J151032.23+082744.7,1237662198283632802,0.98,C
SDSS J105024.16+381520.5,1237662225670471810,0.94,F
SDSS J125704.50+103714.5,1237662238544167092,0.99,F
SDSS J213741.44+005316.9,1237663458853388713,0.95,
SDSS J081324.01+542236.7,1237663915730337918,0.94,
SDSS J135404.64+133537.9,1237664290475278450,0.91,F
SDSS J131002.75+300236.1,1237665429701328999,0.98,F
SDSS J111429.14+283727.7,1237667211060051979,0.98,C
SDSS J135408.77+092445.8,1237662238013456626,0.91,F
SDSS J120431.51+280905.6,1237667444043350026,0.99,F
SDSS J113315.78+242648.8,1237667550348509249,0.97,F
SDSS J102431.05+185342.8,1237667733960065135,0.98,Sh
SDSS J110851.88+231746.8,1237667910586138629,0.92,Sh
SDSS J121600.04+124114.2,1237661812811300998,0.92,C
SDSS J153714.74+015413.7,1237651736854462530,0.87,F
SDSS J122004.82+074855.2,1237661976010358791,0.87,F
SDSS J130822.34+091854.4,1237662236934799454,0.92,F
SDSS J122558.55+042826.3,1237654879650840635,0.99,Sh
SDSS J163137.91+412937.0,1237655473430855875,0.96,
SDSS J084355.03+312749.8,1237660765912170690,0.94,C
SDSS J141153.81-000203.0,1237648721245175992,0.9,
SDSS J151309.60+075153.1,1237662264322555970,0.97,C
SDSS J132716.84+320150.5,1237665227848548397,0.94,F
SDSS J114741.75+304513.6,1237667212673876102,0.97,V
SDSS J103908.55+254707.0,1237667323784003613,0.97,F
SDSS J100734.13+001638.1,1237648721755308108,0.98,F
SDSS J125525.94+021352.4,1237651753479504017,0.93,F
SDSS J101439.55-004951.2,1237654669200326683,0.97,
SDSS J125530.57+551238.4,1237658802577080463,0.98,F
SDSS J161156.60+292716.3,1237661463842455568,0.89,
SDSS J130923.18+513040.6,1237661958293553231,0.96,C
SDSS J160709.30+303105.4,1237662336256049304,1.0,
SDSS J145413.84+123007.3,1237662637978812566,0.99,C
SDSS J133736.69+355857.8,1237664673255981177,0.98,F
SDSS J144330.80+111209.6,1237662635830280225,0.99,F
SDSS J115028.15+044141.8,1237671142556827804,0.99,C
SDSS J090215.35+462505.6,1237657771778768956,0.99,F
SDSS J103508.60+450504.7,1237660636533030975,0.89,F
SDSS J090218.85+634819.7,1237663916808995029,0.99,
SDSS J101633.27+220527.9,1237667550877646888,0.99,F
SDSS J122146.71+161953.0,1237668588649512993,0.93,Sh
SDSS J140204.79-012128.4,1237655495982645476,0.97,
SDSS J112240.54+120132.0,1237661949711548493,0.98,Sh
SDSS J082512.06+202005.0,1237664834851897471,0.9,F
SDSS J091131.92+230243.5,1237667112257847394,0.93,C
SDSS J102236.89+223543.1,1237667538546655240,0.87,F
SDSS J113420.05+024625.5,1237654030329446620,0.95,F
SDSS J075102.94+320448.8,1237657608568373664,0.91,
SDSS J125253.59+095921.2,1237658492821897264,0.96,Sh
SDSS J004215.87+005043.7,1237663716555817100,0.99,
SDSS J094718.43+120930.4,1237664106314137731,0.98,F
SDSS J143702.76+284626.5,1237665126946308187,0.97,F
SDSS J132259.87+270659.1,1237667323799994428,0.96,F
SDSS J134447.44+205846.5,1237667735054385172,0.98,F
SDSS J143605.46+190936.9,1237667782848741491,0.99,F
SDSS J023331.56+010823.6,1237678437015814160,0.98,
SDSS J084903.64+534457.6,1237651192432492745,0.92,F
SDSS J155306.11+524542.7,1237655130371326156,0.99,
SDSS J142125.11+351614.2,1237662662133153854,0.96,V
SDSS J112140.02+025750.3,1237651754543022283,0.94,Sh
SDSS J095926.18-001514.2,1237651800697143553,0.96,
SDSS J160216.63+425500.9,1237659324416196732,0.99,
SDSS J162722.10+390634.7,1237659325492559961,0.95,
SDSS J133003.89+121030.6,1237661950262050854,0.98,F
SDSS J162726.95+294717.7,1237662504297365761,0.96,
SDSS J103635.31+031425.1,1237651755074977883,0.95,Sh
SDSS J143654.60+464806.4,1237661958300106781,0.92,C
SDSS J143311.60+091232.0,1237662238554521875,0.96,C
SDSS J143653.66+182214.2,1237667734522954003,0.99,C
SDSS J135551.83+184603.3,1237668272438050880,0.86,F
SDSS J110345.92+184516.1,1237668293371625617,0.96,F
SDSS J075505.85+324343.1,1237657595147321484,0.98,
SDSS J083717.48+345224.0,1237658205566599328,0.9,F
SDSS J133504.33+535224.1,1237658917997838485,0.99,F
SDSS J130619.84+455224.1,1237661433238126635,0.95,F
SDSS J003935.79-091140.3,1237652948529905706,0.91,
SDSS J134036.25+301904.9,1237665226239311962,0.97,F
SDSS J141041.34+133328.7,1237662530065465417,0.98,Sh
SDSS J094607.16+325045.0,1237664870825394247,0.91,F
SDSS J160213.25+155615.0,1237665567691833440,0.97,
SDSS J090323.31+133038.3,1237670965383659650,0.85,F
SDSS J103351.36-003340.8,1237648720684449913,0.94,
SDSS J120453.28+015632.2,1237651735757520993,0.98,F
SDSS J075738.45+300635.1,1237657776609624353,0.94,
SDSS J142308.04+501316.9,1237659131671609411,0.99,Sh
SDSS J100213.50+111911.0,1237661068174753806,0.94,F
SDSS J141744.09+104354.4,1237661949730357364,0.92,F
SDSS J134624.37+294625.9,1237665225703030791,0.98,F
SDSS J142259.10+234739.6,1237665548890013911,0.99,C
SDSS J131000.30+194306.0,1237668298209230892,0.99,V
SDSS J015247.24+010619.9,1237678617430196381,0.98,
SDSS J152359.42+285431.7,1237664854187180375,0.99,C
SDSS J140524.03+235509.0,1237665567679381559,0.94,C
SDSS J122054.61+615934.4,1237658608220307501,0.99,
SDSS J162217.80+502219.1,1237668611734700037,0.99,
SDSS J143335.98+583229.1,1237655465386639542,0.96,F
SDSS J152153.11+483739.9,1237661388146868516,0.96,Sh
SDSS J110956.80+132728.8,1237664130483945605,0.95,Sh
SDSS J125724.11+401723.4,1237664295830356197,0.97,F
SDSS J133519.24+262529.1,1237667323264368802,0.96,F
SDSS J151553.85+030301.1,1237654879669452830,0.97,C
SDSS J170732.77+362703.7,1237654953208512897,0.96,
SDSS J162012.75+400906.1,1237659324954968074,0.99,
SDSS J110511.27+414429.1,1237662195594231813,0.97,F
SDSS J140201.05+054437.1,1237662244985634986,0.95,C
SDSS J221455.60+001629.5,1237663543684497647,0.93,
SDSS J114214.61+200552.1,1237667915953340565,0.98,F
SDSS J162021.51+495636.5,1237668611197894660,1.0,
SDSS J075640.36+445211.3,1237651272956641563,0.89,
SDSS J140919.79+551656.4,1237661418749034578,0.97,C
SDSS J131038.56+611623.7,1237655463771373725,0.98,
SDSS J103837.86+111303.3,1237661949706829856,0.89,C
SDSS J073107.09+412540.0,1237663915723915658,0.87,
SDSS J134814.78+244639.8,1237665530635419683,0.93,C
SDSS J153854.47+464019.4,1237659163882160241,0.99,F
SDSS J145211.03-001521.9,1237648704057573661,0.96,
SDSS J130933.13+014023.0,1237651752944205838,0.88,F
SDSS J111448.53+563441.1,1237657221488050331,0.89,Sh
SDSS J121708.03+515955.5,1237657856074186887,0.92,F
SDSS J135911.03+340419.2,1237662683606679683,0.98,F
SDSS J095042.50+302934.2,1237664835398271131,0.96,Sh
SDSS J124939.99+341518.3,1237665024370868310,0.88,F
SDSS J232944.33+001726.2,1237666408439087301,0.97,
SDSS J152637.12+591356.8,1237671768536711383,0.91,F
SDSS J083944.54+051339.5,1237658300595372377,0.96,F
SDSS J161711.62+495751.8,1237668610660827398,0.99,
SDSS J080239.02+344635.2,1237657595148435694,0.99,
SDSS J130240.42+514644.1,1237661958293028932,0.88,F
SDSS J023107.02-010618.6,1237663782603325569,0.95,
SDSS J012649.70-005830.9,1237657069546045446,0.85,
SDSS J122529.24+471623.5,1237661357007962116,0.96,F
SDSS J122940.89+312638.5,1237665225695756399,0.97,C
SDSS J150828.33+611901.8,1237651539257327759,0.98,
SDSS J095637.37+271539.0,1237665368499748992,0.98,F
SDSS J114331.21+193740.0,1237667915416600783,0.87,V
SDSS J150828.32+184325.0,1237667966959354006,0.94,F
SDSS J134212.21+562909.9,1237661388139462797,0.95,F
SDSS J115237.26+402254.1,1237662225675845871,0.92,Sh
SDSS J023025.35-002151.8,1237663783677001924,0.88,
SDSS J081601.96+575734.0,1237663917879263441,0.99,
SDSS J103608.42+345432.4,1237664879419719963,0.93,F
SDSS J124313.90+310505.8,1237667255628595325,0.88,F
SDSS J100355.24+544254.9,1237655107832840325,0.99,C
SDSS J123234.57+492312.2,1237658203975516423,0.98,C
SDSS J104414.07+105237.5,1237661949170548850,0.9,F
SDSS J132152.66+084031.6,1237662236399370466,0.98,F
SDSS J154053.39+094459.7,1237662534359253145,0.99,
SDSS J130754.81+340513.5,1237665128011399223,0.98,F
SDSS J135428.54+305445.3,1237665330934907045,0.97,C
SDSS J135428.95+234524.1,1237667912213266583,0.93,C
SDSS J102516.72+520314.4,1237658802567381006,0.87,F
SDSS J112139.10+601726.1,1237658304892108847,0.98,
SDSS J125941.30+283025.9,1237665440442089601,0.97,F
SDSS J125941.31+273935.3,1237667323797700828,0.91,C
SDSS J104512.79+201103.4,1237667734499164240,0.97,C
SDSS J105613.86+373622.5,1237664667901493436,0.91,F
SDSS J094650.17+432525.8,1237658205036675212,0.99,C
SDSS J145653.06+091617.8,1237661949197746205,0.95,C
SDSS J125119.92+310334.6,1237665328781525034,0.98,F
SDSS J100441.52+102411.3,1237661064953856171,0.97,F
SDSS J154120.00+445233.4,1237661387075289339,0.94,
SDSS J100234.34+345609.0,1237662225129209961,0.96,F
SDSS J163059.72+243708.0,1237662667499896973,0.89,
SDSS J144025.62+145639.9,1237668350285578310,0.94,F
SDSS J111149.05+654856.0,1237651271897514134,0.91,
SDSS J161354.89+145536.1,1237665567693144398,0.97,
SDSS J090131.20+491931.4,1237654653642145899,0.98,Sh
SDSS J090132.73+293233.6,1237664094512480514,0.99,F
SDSS J135556.26+210733.4,1237667735592370296,0.91,C
SDSS J110047.95+104341.4,1237661948635447420,0.9,C
SDSS J104546.93+371240.7,1237662224596271124,0.99,F
SDSS J164318.56+263520.1,1237662300839805274,0.98,
SDSS J132031.85+331729.6,1237665127475708006,0.99,C
SDSS J092402.44+230431.6,1237667212122652702,0.99,F
SDSS J100619.17+140506.2,1237671123230916793,0.99,F
SDSS J074209.26+402206.5,1237673308818374751,0.92,
SDSS J150027.59+062717.0,1237662268609724557,0.86,F
SDSS J093937.98+594728.5,1237651192436555907,0.97,F
SDSS J093922.39+363428.5,1237660763770126383,0.97,Sh
SDSS J124136.26+232530.5,1237667783910686726,0.96,Sh
SDSS J105844.91+593038.5,1237658304890798174,0.99,Sh
SDSS J162248.00+380203.4,1237661387616682319,0.92,
SDSS J121655.86+440632.9,1237661849858539565,0.99,F
SDSS J023454.86-004745.5,1237663783140589684,0.99,
SDSS J123225.69+361741.6,1237664671639601205,0.99,F
SDSS J090559.44+352238.5,1237664871895335010,0.91,C
SDSS J144031.45+284007.8,1237665126946635882,0.96,F
SDSS J141432.06+031124.8,1237651821097779258,0.99,F
SDSS J091315.72+015202.0,1237674460951347308,0.99,C
SDSS J114555.57+210131.8,1237667917027475563,0.96,C
SDSS J095938.86+382228.8,1237660763772026968,0.9,F
SDSS J115844.63+281722.4,1237667324328673395,0.9,F
SDSS J141608.83+412858.0,1237661851478786095,0.96,F
SDSS J132904.44+111358.3,1237671992947638437,0.98,F
SDSS J102621.73+395712.9,1237661384387264753,0.93,F
SDSS J141507.74+544805.5,1237661388141625430,0.98,Sh
SDSS J102446.49+343856.2,1237664879955542152,0.98,F
SDSS J131634.98+663250.5,1237651272439890001,0.87,
SDSS J092710.18+213538.0,1237667209975234630,0.96,Sh
SDSS J125457.76+281830.3,1237667444585070698,0.97,C
SDSS J125457.73+194052.5,1237668271894888663,0.87,F
SDSS J134339.30+193402.6,1237668272973611158,0.97,Sh
SDSS J204719.06+001914.9,1237656895066931656,0.97,
SDSS J113841.16+354631.4,1237665026512060419,0.97,Sh
SDSS J124348.29+334659.7,1237665126935494678,0.98,Sh
SDSS J142039.40+265147.9,1237665429171404896,0.97,C
SDSS J134231.86+262914.0,1237665549959626787,0.92,F
SDSS J124338.67+003249.6,1237671764786806909,0.88,Sh
SDSS J080435.45+553235.7,1237663917877952832,0.95,
SDSS J111636.13+111202.3,1237661811731202133,0.99,F
SDSS J120421.51+422818.5,1237661967428878446,0.94,F
SDSS J143722.14+363404.2,1237662194001444905,0.98,Sh
SDSS J155731.79+532507.0,1237654948377067627,0.98,
SDSS J102707.31+184137.2,1237670966466510859,0.99,F
SDSS J164939.59+394558.2,1237655129841598742,0.95,
SDSS J143044.42+551338.5,1237659149384155280,0.99,F
SDSS J111325.05+185356.4,1237668293372674063,0.99,F
SDSS J104733.80+453404.6,1237661358074298455,0.99,C
SDSS J131635.50-020528.8,1237655499199348807,0.98,
SDSS J113946.86+522601.8,1237657857145438331,0.99,F
SDSS J080318.20+314634.9,1237657401337315651,0.98,
SDSS J112424.63+511405.7,1237657856070582347,0.87,C
SDSS J082822.13+302635.5,1237660635983577479,0.91,F
SDSS J002515.13-010642.3,1237663782589562890,0.98,
SDSS J143255.72+241659.2,1237665532787294270,0.96,F
SDSS J135534.39+250259.2,1237665548887261258,0.98,C
SDSS J134314.85+230218.5,1237665565529735284,0.97,Sh
SDSS J075612.14+114418.0,1237667292643393720,0.88,
SDSS J134051.15+242823.8,1237667448348475437,0.99,F
SDSS J112827.03+225221.0,1237667783903281233,0.96,C
SDSS J140755.36+295221.9,1237665180057010279,0.9,Sh
SDSS J122311.63+060419.6,1237654881798062100,0.97,F
SDSS J174225.80+554826.7,1237655746706473236,0.96,
SDSS J080158.49+150331.5,1237667107960717451,0.93,
SDSS J130845.11+040939.7,1237655124477935785,0.99,V
SDSS J112203.93+504854.5,1237657628451471524,0.98,F
SDSS J090440.20+172512.7,1237667486455234798,0.99,F
SDSS J121853.54+025932.2,1237651754549248041,0.99,Sh
SDSS J154150.85+310037.3,1237662618649362435,0.92,
SDSS J074812.65+474704.6,1237663786879615016,0.97,
SDSS J133953.65+360625.2,1237664853640216647,0.99,F
SDSS J083421.02+182913.2,1237667107427516711,0.97,F
SDSS J130039.38+214130.1,1237667734512992343,0.97,F
SDSS J090711.08+504245.8,1237654654179737747,0.98,F
SDSS J111313.28+553320.8,1237657220414111770,0.99,F
SDSS J103122.66+194517.9,1237667734497722543,0.99,F
SDSS J112924.34+522857.5,1237657857681653818,0.96,F
SDSS J230512.55+005003.8,1237663462605324350,0.94,
SDSS J092800.63+014017.3,1237653664718455039,0.99,F
SDSS J112344.57+030018.7,1237651754543218726,0.97,F
SDSS J090805.79+495439.0,1237655108902322336,0.99,Sh
SDSS J121406.52+144332.9,1237661069262585891,0.95,F
SDSS J105422.00+062516.5,1237658423018520684,0.95,Sh
SDSS J091220.11+341536.2,1237664870822248650,0.86,Sh
SDSS J151335.13+211505.2,1237665549968998470,0.94,Sh
SDSS J105429.47+210949.1,1237667782826065948,1.0,F
SDSS J111926.22+031205.8,1237654030864678961,0.93,F
SDSS J084802.73+041606.7,1237658298985611515,0.9,F
SDSS J163339.97+204252.3,1237662225166106991,0.97,
SDSS J101347.88+384031.8,1237661139033718922,0.87,Sh
SDSS J131432.45+304220.8,1237665225699950667,0.89,F
SDSS J151525.44+044052.9,1237655742946804140,0.95,C
SDSS J160833.83+210452.3,1237665102759657482,0.85,
SDSS J151523.12+255518.2,1237665127487111315,0.98,F
SDSS J130944.67+425907.0,1237662196141129794,0.97,F
SDSS J155916.09+354331.1,1237662300834103433,0.89,
SDSS J011935.11+002801.6,1237663784742945052,0.98,
SDSS J124252.92+344236.1,1237665024907149439,0.97,Sh
SDSS J160546.71+000800.6,1237648704602505288,0.91,
SDSS J095659.04+034847.0,1237654601026175068,0.94,F
SDSS J151131.92+051220.6,1237655743483281580,0.93,F
SDSS J173045.39+565800.2,1237656529457053990,0.96,
SDSS J173752.68+540339.4,1237659896712200482,0.99,
SDSS J114144.26+094131.4,1237660613976064120,0.94,F
SDSS J031818.00+414031.1,1237661059574202928,0.99,
SDSS J102101.73+135956.0,1237661070861205700,0.96,Sh
SDSS J100705.08+350623.9,1237662225129603203,0.99,F
SDSS J082617.42+541216.5,1237663546903036165,0.98,F
SDSS J123653.71+591409.2,1237655107305144478,0.99,C
SDSS J085807.83+591222.1,1237663529726050437,0.85,Sh
SDSS J162741.71+132651.2,1237665548903711215,0.98,
SDSS J093752.67+170646.5,1237667782281068583,0.94,F
SDSS J132713.89+194815.2,1237668298747871308,0.97,F
SDSS J134918.46+153220.8,1237668348669591738,0.97,Sh
SDSS J081837.88+270907.4,1237660958645420254,0.92,
SDSS J101135.39+434955.3,1237661358608285809,0.91,C
SDSS J110554.02+110429.7,1237661811730022510,0.97,F
SDSS J111804.00+122715.0,1237661950247960654,0.89,Sh
SDSS J133207.34+142602.2,1237662530061402333,0.93,V
SDSS J152047.71+302719.3,1237662662675923037,0.99,C
SDSS J074533.52+454620.4,1237663547972190347,0.85,
SDSS J210621.68-004616.3,1237656567576986167,0.98,
SDSS J160221.14+152752.2,1237665567155028132,0.98,
SDSS J134555.12+230348.8,1237667911138738226,0.96,C
SDSS J140752.66+230558.6,1237667912214642734,0.99,F
SDSS J165321.68+232658.6,1237661465994723696,0.98,
SDSS J120651.11+425944.3,1237661967965945904,0.89,F
SDSS J162412.96+315232.9,1237662499472539884,0.98,
SDSS J152244.87+294610.6,1237662662139314260,0.98,V
SDSS J010107.78+005127.7,1237663785277849686,0.94,
SDSS J085736.24+391132.6,1237657628976218413,0.99,F
SDSS J102323.36+130321.4,1237664105781133373,0.98,F
SDSS J160225.61+221702.4,1237664852044415211,0.92,
SDSS J150145.14+262832.1,1237665352394473686,0.97,Sh
SDSS J123558.45+265757.7,1237667442435752193,0.99,F
SDSS J092455.77+190824.4,1237667538540560532,0.87,C
SDSS J113551.93+320925.1,1237665330385125404,0.98,F
SDSS J155405.97+183851.6,1237665441533722957,0.99,
SDSS J030548.20-001036.3,1237666300553920541,0.93,
SDSS J074741.14+224653.7,1237657877001863242,0.93,
SDSS J111103.44+191129.7,1237668293909282974,0.85,F
SDSS J155733.73+111530.0,1237668333109969304,0.88,
SDSS J152551.40+384613.9,1237662503216808020,0.97,V
SDSS J081604.18+552340.3,1237663786883416329,0.99,
SDSS J125722.22+142317.7,1237664289932378296,0.98,V
SDSS J115547.55+391347.8,1237664667906670803,0.98,V
SDSS J155038.68+202254.2,1237665372258762788,0.9,
SDSS J135432.92+282709.4,1237665442594816108,0.96,C
SDSS J161230.54+161101.3,1237665532798107907,0.9,
SDSS J102520.69+262734.9,1237667211055136934,0.97,F
SDSS J140837.35+504836.9,1237659131133689985,0.97,Sh
SDSS J085734.86+323938.0,1237660962401091865,0.98,F
SDSS J114637.46+390828.0,1237664667905884280,0.96,V
SDSS J085518.73+272046.1,1237664092900884559,0.98,V
SDSS J120427.52+135811.4,1237664289389936774,0.96,F
SDSS J120053.89+345813.6,1237665128542240979,0.95,Sh
SDSS J131644.23+281200.4,1237665427554566180,0.99,F
SDSS J150558.66+254231.6,1237665351858126972,0.97,F
SDSS J120625.96+233302.1,1237667736654971041,0.96,C
SDSS J145115.65+620014.6,1237674478124531853,0.99,
SDSS J154304.10+511248.9,1237655465392013388,0.88,
SDSS J114843.89+211124.0,1237667781220958282,0.96,C
SDSS J160850.61+122827.7,1237668366388887990,0.93,
SDSS J083122.85+491338.1,1237651250947555383,0.94,F
SDSS J160523.95-002001.1,1237648704065569185,0.92,
SDSS J095424.96+231727.4,1237667293730439191,0.93,V
SDSS J212649.15+120318.6,1237656496707928597,0.97,
SDSS J121347.35+402921.1,1237662225677615109,0.93,Sh
SDSS J160317.74+213530.0,1237665128565964851,0.99,
SDSS J092739.41+230710.1,1237667254535651416,0.96,F
SDSS J143331.18+170111.7,1237668298218012791,0.97,F
SDSS J124220.63+205216.7,1237668299280154791,0.95,F
SDSS J153403.86+021237.7,1237655469674856813,0.95,Sh
SDSS J115013.98+374630.6,1237664338790187098,0.93,F
SDSS J155721.42+242427.9,1237664853654110302,0.99,
SDSS J231137.63+150443.8,1237652944243917072,0.97,
SDSS J233822.04+153821.1,1237656496722018488,0.97,
SDSS J121446.48+521903.0,1237657856610926661,0.97,F
SDSS J161531.69+425623.0,1237659326564401381,0.94,
SDSS J011623.61+002644.8,1237663784742617217,0.85,
SDSS J111240.67+252952.6,1237667429031346219,0.99,V
SDSS J133519.91+072807.5,1237671992949407904,0.98,C
SDSS J103156.50+030454.2,1237651755074453650,0.98,Sh
SDSS J230909.07-005218.1,1237656906349543547,0.99,
SDSS J144318.57-011512.4,1237655499745722593,0.97,
SDSS J151305.75+543116.6,1237655464852717724,0.95,F
SDSS J074231.57+273818.8,1237657118940594396,0.96,
SDSS J104951.04+395216.5,1237661382778552451,0.85,C
SDSS J090128.45+311433.1,1237661383842005118,0.92,V
SDSS J114746.80+362615.5,1237664337179312176,0.88,F
SDSS J110538.73+304959.2,1237665329845436420,0.89,F
SDSS J085954.46+203559.7,1237667254532636743,0.98,Sh
SDSS J114747.44+184309.6,1237668292302471281,0.93,F
SDSS J141143.20+004312.4,1237674604289720412,0.92,F
SDSS J160907.26+215203.8,1237665232668459243,0.97,
SDSS J101929.21+275304.9,1237665367428169840,0.98,C
SDSS J075759.95+263008.7,1237658192144564361,0.98,
SDSS J113540.82+224907.7,1237667736115019861,0.95,F
SDSS J124329.22+170100.8,1237668589725483262,0.96,F
SDSS J142529.44-010358.2,1237648702980882675,0.93,
SDSS J080217.05+402526.1,1237653588481540142,0.93,
SDSS J092221.41+533624.7,1237654381978845196,0.98,Sh
SDSS J103916.17+052913.7,1237654602641440803,0.98,F
SDSS J134529.21+611608.5,1237655465383755937,0.85,
SDSS J082953.73+373436.4,1237657118409883896,0.99,F
SDSS J105921.94+563619.1,1237657612873236553,0.94,C
SDSS J135535.16+264140.7,1237665533320298533,0.86,Sh
SDSS J081018.22+145010.3,1237667253989998765,0.87,
SDSS J125105.61+274817.6,1237667323796914200,0.98,Sh
SDSS J134519.03+202341.2,1237667781769756735,0.98,F
SDSS J132643.48+303024.0,1237665225701130346,0.99,F
SDSS J123736.78+333654.6,1237665228380831815,0.98,F
SDSS J090532.59+020221.9,1237653665252901100,0.88,F
SDSS J154555.53+352947.7,1237661465986400503,0.99,
SDSS J145802.72+342059.1,1237662305656439014,0.96,F
SDSS J155936.29+191251.4,1237665372259811366,0.96,
SDSS J130546.48+325022.3,1237665331467190372,0.97,F
SDSS J112630.92+205244.4,1237667781218664523,0.86,F
SDSS J091525.96+550334.6,1237651190286647403,0.96,C
SDSS J160950.02+153554.7,1237665531724169735,0.85,
SDSS J133538.77-005512.1,1237648720167436388,0.91,
SDSS J120702.92+584943.6,1237655106766635029,0.92,Sh
SDSS J121452.41+591953.1,1237658609292935181,0.93,C
SDSS J122205.86+115352.9,1237658629157814379,0.99,F
SDSS J133541.90+235603.0,1237667911674560784,0.91,Sh
SDSS J100811.13+141607.0,1237671260669870314,0.98,Sh
SDSS J112221.22+083649.5,1237658491201519651,0.89,Sh
SDSS J150048.07+092317.4,1237662198819389598,0.98,F
SDSS J111647.75+383510.6,1237662224599023716,0.97,Sh
SDSS J133411.66+371930.7,1237662223537078284,0.9,Sh
SDSS J141345.94+340216.1,1237664673259323482,0.9,Sh
SDSS J130921.74+305522.1,1237665225699491843,0.87,Sh
SDSS J130619.87+325825.9,1237665331467190342,0.89,F
SDSS J080059.63+153729.1,1237667142858113053,0.85,
SDSS J115821.92+225031.1,1237667783369424942,0.98,F
SDSS J114103.60+014331.7,1237651752934506550,0.99,Sh
SDSS J120245.22+584854.9,1237655106766372898,0.98,F
SDSS J033418.86+010100.4,1237660241925832875,0.86,
SDSS J131140.40+442125.9,1237661872944447546,0.94,C
SDSS J161907.94+403024.3,1237665356159123605,0.94,
SDSS J101433.62+291906.7,1237665369575391271,0.91,F
SDSS J033408.30+010853.5,1237666302167613618,0.97,
SDSS J130009.14+275159.3,1237667444048724108,0.89,F
SDSS J100044.68+031624.1,1237654600489697522,0.97,F
SDSS J110432.65+085503.9,1237660613435129905,0.98,F
SDSS J152137.48+051501.3,1237662267538276539,0.86,C
SDSS J101706.82+093622.5,1237658493878861951,0.97,F
SDSS J123440.01+220152.5,1237667734510370823,0.98,F
SDSS J110434.86+200450.1,1237668290698936390,0.89,Sh
SDSS J030110.66-073459.7,1237652900767727653,0.86,
SDSS J144855.41+550432.2,1237659150995816467,0.88,F
SDSS J123004.07+554435.6,1237657591397744759,0.98,F
SDSS J084212.40+423715.0,1237657608037925047,0.89,Sh
SDSS J080932.21+261700.2,1237660343389454464,0.87,
SDSS J120525.11+153051.6,1237661070335410203,0.98,V
SDSS J103044.57+400327.0,1237661384387657897,0.86,F
SDSS J124205.59+431133.2,1237662195602030672,0.97,C
SDSS J112342.75+360859.7,1237664818209488979,0.96,F
SDSS J144353.68+252438.9,1237665429173764188,0.95,Sh
SDSS J103657.53+272305.6,1237667254005858448,0.95,V
SDSS J120508.31+144311.0,1237661069261668415,0.97,F
SDSS J114117.42+204953.1,1237667917027016764,0.93,F
SDSS J212300.88+061308.7,1237678853622661780,0.98,
SDSS J152750.54+552613.3,1237651250972852227,0.87,Sh
SDSS J133425.22+460930.4,1237661361835278534,0.92,Sh
SDSS J130329.95+612957.9,1237655369290350636,0.94,
SDSS J154023.83+013654.9,1237655469138706790,0.97,
SDSS J105953.54+302658.8,1237665367969038421,0.97,V
SDSS J152024.55-001330.8,1237648704060653764,0.99,
SDSS J205433.28-000709.1,1237663543138845282,0.97,
SDSS J150203.38+182934.5,1237665565001187425,0.91,F
SDSS J081423.87+094729.8,1237671262805098552,0.96,
SDSS J083427.67+420019.9,1237657595689500857,0.94,Sh
SDSS J111729.78+512414.1,1237657856606994533,0.85,F
SDSS J125822.15+280907.6,1237667324334440637,0.94,C
SDSS J123625.55+095452.0,1237662237468197001,0.96,Sh
SDSS J093925.89+664116.6,1237663916274286770,0.96,
SDSS J121028.85+312429.5,1237665328777723957,0.97,V
SDSS J103543.31+293530.9,1237665368503615608,0.98,V
SDSS J145125.94+185433.5,1237667736135008423,0.97,Sh
SDSS J144915.17+163903.0,1237668298756522275,0.99,F
SDSS J093928.61+160656.2,1237670965924528225,0.97,F
SDSS J142117.39+353033.8,1237662224615014522,0.98,F
SDSS J105827.14+241145.7,1237667538550259801,0.97,Sh
SDSS J114940.12+185310.7,1237667914343448663,0.99,F
SDSS J165315.13+642834.5,1237671940877451328,0.86,
SDSS J142436.58+043333.0,1237654880737558670,0.86,F
SDSS J074812.91+281330.4,1237657118404313153,0.98,
SDSS J084123.49+362310.6,1237657774466924604,0.97,Sh
SDSS J095753.36+093007.3,1237660669278617665,0.97,F
SDSS J111347.39+453223.6,1237661356465651772,0.92,V
SDSS J134541.34+220313.8,1237667783917174813,0.99,C
SDSS J134803.90+181746.7,1237668297676357849,0.97,F
SDSS J150543.79+562332.7,1237671767461265510,0.9,F
SDSS J020949.31-074656.7,1237679437739655177,0.89,
SDSS J083611.14+523107.4,1237651271887290597,0.98,Sh
SDSS J125450.13+100703.1,1237662238007033941,0.96,V
SDSS J155448.50+275137.1,1237662340012179633,0.94,
SDSS J094740.16+013600.5,1237651753458991198,0.98,F
SDSS J113950.91+202341.7,1237667916489949433,0.94,C
SDSS J153636.52+014804.8,1237655469138313444,0.97,Sh
SDSS J090528.84+512448.8,1237654381977337902,0.92,F
SDSS J082814.20+462802.3,1237653588484882667,0.94,Sh
SDSS J122641.38+301424.2,1237667254553346110,0.94,Sh
SDSS J014143.18+134032.8,1237653651308871769,0.9,
SDSS J091720.10+442217.0,1237657400808833194,0.86,F
SDSS J113405.58+363624.5,1237664337715003402,0.98,F
SDSS J132122.24+255703.6,1237667322189316234,0.89,F
SDSS J111457.10+215120.6,1237667782828163087,0.97,F
SDSS J162926.76+382509.8,1237659329778876577,0.95,
SDSS J092050.60+263936.6,1237665098462593132,0.99,F
SDSS J141605.64+320751.3,1237665129091432579,0.95,Sh
SDSS J133216.54+261614.1,1237665531707523087,0.94,Sh
SDSS J125725.24+272416.4,1237667443511591044,0.97,Sh
SDSS J155322.11+094208.4,1237668330962223432,0.87,
SDSS J102843.06+395019.8,1237661139035095076,0.87,F
SDSS J144944.83+504239.2,1237661386533896222,0.98,V
SDSS J104427.89+365856.7,1237664667900444798,0.86,F
SDSS J102310.43+175745.8,1237668289620803614,0.92,V
SDSS J141550.72+602834.9,1237655371441635353,0.97,
SDSS J225852.40-004255.5,1237660025033916612,0.85,
SDSS J025546.90-000614.9,1237660339089965226,0.89,
SDSS J092915.75+624052.9,1237663529728278610,0.85,
SDSS J082810.65+554244.6,1237663530797498424,0.96,F
SDSS J130950.99+062612.8,1237661974405120127,0.99,F
SDSS J112114.08+395402.7,1237664669514399786,0.95,F
SDSS J110602.73+204257.2,1237667781753438291,0.92,F
SDSS J131043.02+171155.3,1237668590265237565,0.94,F
SDSS J140816.54+580601.0,1237659146705698884,0.85,F
SDSS J155343.05+352604.9,1237662474228597076,0.97,
SDSS J122247.80+390110.7,1237664667372093516,0.96,Sh
SDSS J135307.77+341811.1,1237664852030980132,0.96,F
SDSS J142108.12+303748.7,1237665101674577929,0.99,Sh
SDSS J152837.45+582324.2,1237671767462838584,0.9,Sh
SDSS J131206.97+673011.7,1237651273513304133,0.96,
SDSS J004010.55-102626.1,1237652946919358473,0.91,
SDSS J134034.99+050655.9,1237655126092021772,0.98,F
SDSS J222239.65-095951.6,1237656536975605908,0.98,
SDSS J165355.08+245331.8,1237662301377921565,0.9,
SDSS J100628.63+273314.1,1237665367963795576,0.95,Sh
SDSS J135413.83+263933.6,1237665533320232963,0.86,Sh
SDSS J093541.30+011347.4,1237651752920809621,0.91,Sh
SDSS J121659.69+095537.0,1237662237466099967,0.94,V
SDSS J112052.04+312736.5,1237665368507941002,0.96,F
SDSS J113100.25+251316.2,1237667551422054514,0.89,F
SDSS J130508.00+204614.5,1237667917035602011,0.95,F
SDSS J105036.77-004951.9,1237674649384255499,0.97,
SDSS J213049.81+115444.8,1237652944233169396,0.99,
SDSS J214259.41-005630.2,1237657189816467865,0.92,
SDSS J111045.45+094317.0,1237658492810887239,0.88,Sh
SDSS J105300.22+453905.1,1237660635997601834,0.96,V
SDSS J074915.57+191021.1,1237661125070815731,0.95,
SDSS J131603.32+070450.5,1237661975479517374,0.93,F
SDSS J124351.36+110254.0,1237662239079596212,0.97,F
SDSS J134055.44+385224.0,1237664295834091540,0.87,F
SDSS J134251.14+212622.2,1237667735590994114,0.99,Sh
SDSS J100710.17+185702.1,1237667735032103006,0.93,Sh
SDSS J015024.14+330009.4,1237678893891781080,0.99,
SDSS J103050.66+541651.0,1237657611797463108,0.97,C
SDSS J104643.66+105802.4,1237661949170811004,0.97,C
SDSS J153101.13+321332.0,1237662307270131906,0.98,F
SDSS J083138.21+510643.7,1237651252558823433,0.97,F
SDSS J143127.52+032503.9,1237651821636485310,0.96,Sh
SDSS J074939.96+285644.2,1237657606419775658,0.93,
SDSS J111750.56+604446.4,1237655368747909256,0.95,
SDSS J123225.88+441101.1,1237661871867691027,0.91,F
SDSS J075744.23+400119.8,1237653589018017956,0.89,
SDSS J113822.95+203130.4,1237667916489818175,0.98,F
SDSS J105001.68+181718.5,1237668293370183854,0.91,F
SDSS J110216.80+442006.5,1237661874008162450,0.95,F
SDSS J095558.80+340211.6,1237664668432859140,0.98,Sh
SDSS J100330.10+075017.6,1237660583369900096,0.98,Sh
SDSS J135455.85+194653.0,1237667733981757459,0.98,F
SDSS J095409.38+244825.4,1237667254001533048,0.94,Sh
SDSS J153907.86+140123.0,1237668365311934602,0.91,V
SDSS J114620.18+241627.3,1237667549812949140,0.91,F
SDSS J154325.55+333005.1,1237661463302373452,0.98,
SDSS J093410.88+305657.9,1237664091831140578,0.97,F
SDSS J170059.53+242559.0,1237659152612851800,0.86,
SDSS J151812.56+454636.1,1237659132749807853,0.97,Sh
SDSS J102545.09+012613.2,1237651752926249022,0.92,Sh
SDSS J130434.73+565907.0,1237661387063492668,0.96,V
SDSS J131709.38+270441.0,1237667443513491520,0.9,F
SDSS J083904.17+502645.7,1237651250948276298,0.94,F
SDSS J111930.81+271149.2,1237667323788001348,0.95,F
SDSS J080940.31+064109.0,1237661069236175388,0.96,
SDSS J114642.93+152517.7,1237661070333444196,0.87,C
SDSS J125925.78-021454.4,1237650371025305639,0.97,
SDSS J113725.08+234948.3,1237667910588956799,0.95,Sh
SDSS J095410.94+194401.4,1237667536932896872,0.95,Sh
SDSS J083111.86+404740.0,1237657595152105492,0.94,C
SDSS J090547.34+364643.2,1237660636524839059,0.94,F
